iterationName	gameid	time	trialNum	intendedName	svgData	currStrokeNum	shiftKeyUsed	score	eventType
pilot1	6247-a34e373a-217c-4a0a-a8fc-9becfef19917	1506471239542	1	basset	M104,161c0,4.04515 6.12516,23.87484 2,28c-1.87257,1.87257 -5.34761,2.34761 -7,4c-10.34684,10.34684 -11.1587,-18.1587 -13,-20c-0.45079,-0.45079 -2.22228,1.61114 -3,2c-3.70369,1.85185 -23.74555,15.25445 -29,10c-2.36846,-2.36846 -6.21681,-19.78319 -3,-23c8.99998,-8.99998 93.76682,-32.60703 107,-34c3.00188,-0.31599 5.98742,-0.81171 9,-1c2.55078,-0.15942 28.49877,-2.50123 31,0c0.85523,0.85523 -1.00321,6.4984 0,7c2.82286,1.41143 12.5473,3 15,3	1	0	0	stroke
pilot1	6247-a34e373a-217c-4a0a-a8fc-9becfef19917	1506471248891	1	basset	M193,126c1.66667,0 1.82149,2.82149 3,4c13.80441,13.80441 -4.71213,14.71213 -10,20c-1.21243,1.21243 -0.97695,4.97695 -2,6c-3.33333,3.33333 3.33333,16.66667 0,20c-0.60547,0.60547 -4.86527,0 -6,0c-0.07913,0 -6.2667,3.4666 -7,2c-2.64082,-5.28164 0.05463,-15.94537 -4,-20c-4.48703,-4.48703 -7.32573,18.32573 -9,20c-9.57046,9.57046 -10.22606,-15.22606 -12,-17c-4.40785,-4.40785 -24.80149,0 -32,0c-0.31169,0 -4,0 -4,0c0,0 1.66667,1.33333 2,2c1.99823,3.99647 16.59335,21.70333 8,26c-1.90759,0.95379 -15,-20.62863 -15,-23	2	0	0	stroke
pilot1	6247-a34e373a-217c-4a0a-a8fc-9becfef19917	1506471254635	1	basset	M76,159c0,-2.70778 5.01266,0 2,0c-1.57462,0 -6.10886,-2 -3,-2c1.27986,0 6.77674,0.22326 4,3c-3.03984,3.03984 -4,-2.25662 -4,-4	3	0	0	stroke
pilot1	6247-a34e373a-217c-4a0a-a8fc-9becfef19917	1506471260802	1	basset	M50,172c-1.05409,0 -1,1.94591 -1,3c0,1.72523 -4,1 -4,1c0,0 5,-1.06691 5,2c0,1.30973 -0.69074,5.30926 -3,3c-11.31982,-11.31982 13.9477,1 1,1c-3.08492,0 -5.02138,-8 0,-8c6.92806,0 3.96847,4 0,4	4	0	0	stroke
pilot1	6247-a34e373a-217c-4a0a-a8fc-9becfef19917	1506471269608	1	basset	M198,127c17.74951,0 50.25995,10 14,10	5	0	0	stroke
pilot1	6247-a34e373a-217c-4a0a-a8fc-9becfef19917	1506471283040	2	straight	M69,82c0,23.24119 3.36946,49.89163 -4,72c-5.10727,15.3218 3,47.17511 3,65	1	0	1	stroke
pilot1	6247-a34e373a-217c-4a0a-a8fc-9becfef19917	1506471288697	2	straight	M69,198c12.98604,0 15,-1.82151 15,12c0,0.84823 0,7 0,7c0,0 0,-6.60513 0,-7c0,-9.67864 -0.79821,-18.38569 -2,-28c-2.64684,-21.17475 -3,-41.53194 -3,-63c0,-7.66667 0,-15.33333 0,-23c0,-2.66667 2.66667,-8 0,-8c-1.88936,0 -2.63848,3 -4,3	2	0	1	stroke
pilot1	6247-a34e373a-217c-4a0a-a8fc-9becfef19917	1506471291613	2	straight	M82,178c0,-1.05409 1.96638,-0.79328 3,-1c10.20787,-2.04157 38.14472,-7.42764 49,-2c5.38161,2.69081 3.51816,11.56657 5,17c0.68097,2.49688 5.43966,23.56034 2,27c-0.66844,0.66844 -5.67936,0 -7,0c-16.79887,0 -33.28587,1 -49,1	3	0	1	stroke
pilot1	6247-a34e373a-217c-4a0a-a8fc-9becfef19917	1506471309574	3	bluejay	M41,241c3.85487,0 10.62478,0.68761 14,-1c10.14497,-5.07249 20.47914,-14.98808 31,-21c18.65165,-10.65809 39.89892,-14.92419 56,-27c6.21223,-4.65918 5.40094,-12.40094 10,-17c7.40917,-7.40917 31.57485,16 40,16c0.74536,0 1.47295,0.47295 2,1	1	0	2	stroke
pilot1	6247-a34e373a-217c-4a0a-a8fc-9becfef19917	1506471314588	3	bluejay	M184,189c-0.4714,0 -0.66667,0.66667 -1,1c-7.42901,7.42901 -7.00109,14.40066 -18,21c-16.09553,9.65732 -30.6945,19.73486 -50,25c-3.73071,1.01747 -15.07056,2.07056 -18,5c-0.2357,0.2357 0,0.66667 0,1c0,9.37266 5.34001,10.31997 1,19c-0.26667,0.53333 -1,1 -1,1c0,0 11.20828,0 12,0	2	0	2	stroke
pilot1	6247-a34e373a-217c-4a0a-a8fc-9becfef19917	1506471316089	3	bluejay	M95,240c-27.66667,0 -55.33333,0 -83,0	3	0	2	stroke
pilot1	6247-a34e373a-217c-4a0a-a8fc-9becfef19917	1506471326060	4	woven	M70,176c0,29.56857 9,58.22339 9,88	1	0	3	stroke
pilot1	6247-a34e373a-217c-4a0a-a8fc-9becfef19917	1506471330471	4	woven	M69,177c10.78921,0 88.79255,5.20745 94,0c1.32573,-1.32573 0.29975,-9.20149 0,-11c-6.76267,-40.57603 -17.99366,-30.00127 -53,-23c-7.05397,1.41079 -30.31265,-4.68735 -36,1c-0.94281,0.94281 0,2.66667 0,4c0,11.12842 -1,21.15745 -1,31	2	0	3	stroke
pilot1	6247-a34e373a-217c-4a0a-a8fc-9becfef19917	1506471334169	4	woven	M91,172c0,-17.80995 -29.27635,-5.27635 -34,-10c-8.55276,-8.55276 -1.78677,-26.57353 -7,-37	3	0	3	stroke
pilot1	6247-a34e373a-217c-4a0a-a8fc-9becfef19917	1506471336085	4	woven	M140,177c-1.67855,0 -2.35225,-11.88258 1,-13c5.93272,-1.97757 36.47226,-7.41679 38,-12c5.18548,-15.55644 -10,-30.941 -10,-47	4	0	3	stroke
pilot1	6247-a34e373a-217c-4a0a-a8fc-9becfef19917	1506471338140	4	woven	M143,180c0,28.20131 6,55.92193 6,84	5	0	3	stroke
pilot1	6247-a34e373a-217c-4a0a-a8fc-9becfef19917	1506471349950	5	squat	M98,125c-6.03771,24.15084 -50.29611,68.11732 3,77c6.64998,1.10833 12.6398,-3 19,-3	1	0	4	stroke
pilot1	6247-a34e373a-217c-4a0a-a8fc-9becfef19917	1506471352768	5	squat	M108,138c4.77606,4.77606 7.25294,6 14,6	2	0	4	stroke
pilot1	6247-a34e373a-217c-4a0a-a8fc-9becfef19917	1506471353791	5	squat	M101,131c29.74155,9.91385 39.96913,11 72,11	3	0	4	stroke
pilot1	6247-a34e373a-217c-4a0a-a8fc-9becfef19917	1506471356293	5	squat	M122,205c21.30797,0 42.60201,-2 64,-2	4	0	4	stroke
pilot1	6247-a34e373a-217c-4a0a-a8fc-9becfef19917	1506471358743	5	squat	M187,208c0,2.66667 0,5.33333 0,8c0,1.34902 -1.65914,27.73183 -3,28c-4.96895,0.99379 -64.29469,-0.29469 -66,-2c-11.40387,-11.40387 3,-35.64049 3,-49	5	0	4	stroke
pilot1	6247-a34e373a-217c-4a0a-a8fc-9becfef19917	1506471361372	5	squat	M189,209c-2.74829,21.98631 -3,44.82195 -3,67	6	0	4	stroke
pilot1	6247-a34e373a-217c-4a0a-a8fc-9becfef19917	1506471362291	5	squat	M183,207c12.10687,-1.51336 36,-6.42191 36,12	7	0	4	stroke
pilot1	6247-a34e373a-217c-4a0a-a8fc-9becfef19917	1506471365443	5	squat	M122,202c5.30136,23.85612 -5,44.82346 -5,68	8	0	4	stroke
pilot1	6247-a34e373a-217c-4a0a-a8fc-9becfef19917	1506471366900	5	squat	M127,255c18.67246,4.66812 37.24654,4.75069 56,1	9	0	4	stroke
pilot1	6247-a34e373a-217c-4a0a-a8fc-9becfef19917	1506471367904	5	squat	M140,257c-2.66667,-0.66667 -5.33333,-1.33333 -8,-2	10	0	4	stroke
pilot1	6247-a34e373a-217c-4a0a-a8fc-9becfef19917	1506471371473	5	squat	M108,202c0,11.4771 -10.5855,37 9,37	11	0	4	stroke
pilot1	6247-a34e373a-217c-4a0a-a8fc-9becfef19917	1506471372631	5	squat	M94,202c3.94399,11.83198 -4.27714,26.63372 8,34	12	0	4	stroke
pilot1	6247-a34e373a-217c-4a0a-a8fc-9becfef19917	1506471375872	5	squat	M72,196c0,3.56413 -10.46878,22.53122 -5,28c0.2357,0.2357 0.66667,0 1,0c10.35676,0 21.46244,3 31,3	13	0	4	stroke
pilot1	6247-a34e373a-217c-4a0a-a8fc-9becfef19917	1506471377636	5	squat	M71,198c0,-6.05852 2.72423,-14 8,-14	14	0	4	stroke
pilot1	6247-a34e373a-217c-4a0a-a8fc-9becfef19917	1506471379249	5	squat	M80,195c0,6.66667 0,13.33333 0,20	15	0	4	stroke
pilot1	6247-a34e373a-217c-4a0a-a8fc-9becfef19917	1506471381228	5	squat	M120,240c0,1.69183 -3.41476,1.85589 -5,2c-5.99743,0.54522 -31.4129,4.5871 -36,0c-3.45379,-3.45379 -8.08978,-9.08978 -11,-12c-1.50811,-1.50811 1.47366,-9 -2,-9	16	0	4	stroke
pilot1	6247-a34e373a-217c-4a0a-a8fc-9becfef19917	1506471385152	5	squat	M134,139c0,6.87717 3.18276,29.81724 -2,35	17	0	4	stroke
pilot1	6247-a34e373a-217c-4a0a-a8fc-9becfef19917	1506471386514	5	squat	M145,141c0,6.33333 0,12.66667 0,19	18	0	4	stroke
pilot1	6247-a34e373a-217c-4a0a-a8fc-9becfef19917	1506471388188	5	squat	M171,141c0,10.30106 8,21.88113 8,33	19	0	4	stroke
pilot1	6247-a34e373a-217c-4a0a-a8fc-9becfef19917	1506471388700	5	squat	M179,175c0,3.01011 1,4.8712 1,8	20	0	4	stroke
pilot1	6247-a34e373a-217c-4a0a-a8fc-9becfef19917	1506471411238	6	sling	M67,197c12.24844,0 75.62355,-2.37645 79,1c0.31871,0.31871 -2,65.44281 -2,74	1	0	5	stroke
pilot1	6247-a34e373a-217c-4a0a-a8fc-9becfef19917	1506471415073	6	sling	M76,197c0,27.25313 3,53.77986 3,81	2	0	5	stroke
pilot1	6247-a34e373a-217c-4a0a-a8fc-9becfef19917	1506471417830	6	sling	M80,256c20.7993,0 44.76782,0 63,0	3	0	5	stroke
pilot1	6247-a34e373a-217c-4a0a-a8fc-9becfef19917	1506471420763	6	sling	M78,227c23.50523,0 46.19007,2 68,2	4	0	5	stroke
pilot1	6247-a34e373a-217c-4a0a-a8fc-9becfef19917	1506471424094	6	sling	M93,251c0,-17.33333 0,-34.66667 0,-52	5	0	5	stroke
pilot1	6247-a34e373a-217c-4a0a-a8fc-9becfef19917	1506471425970	6	sling	M109,198c0,18.33333 0,36.66667 0,55	6	0	5	stroke
pilot1	6247-a34e373a-217c-4a0a-a8fc-9becfef19917	1506471428642	6	sling	M128,253c0,-20.33333 0,-40.66667 0,-61	7	0	5	stroke
pilot1	6247-a34e373a-217c-4a0a-a8fc-9becfef19917	1506471432785	6	sling	M144,193c0,-18.2687 8,-30.3016 8,-45	8	0	5	stroke
pilot1	6247-a34e373a-217c-4a0a-a8fc-9becfef19917	1506471434893	6	sling	M150,155c-22.55937,0 -46.14208,7 -70,7	9	0	5	stroke
pilot1	6247-a34e373a-217c-4a0a-a8fc-9becfef19917	1506471436762	6	sling	M87,162c1.82765,0 1,25.12779 1,29	10	0	5	stroke
pilot1	6247-a34e373a-217c-4a0a-a8fc-9becfef19917	1506471438302	6	sling	M109,159c4.46979,0 3,29.10837 3,33	11	0	5	stroke
pilot1	6247-a34e373a-217c-4a0a-a8fc-9becfef19917	1506471440302	6	sling	M132,153c0,8 0,16 0,24	12	0	5	stroke
pilot1	6247-a34e373a-217c-4a0a-a8fc-9becfef19917	1506471442263	6	sling	M132,170c0,5.33333 0,10.66667 0,16	13	0	5	stroke
pilot1	6247-a34e373a-217c-4a0a-a8fc-9becfef19917	1506471444520	6	sling	M83,159c0,2.16051 -23.07167,3 -28,3	14	0	5	stroke
pilot1	6247-a34e373a-217c-4a0a-a8fc-9becfef19917	1506471447003	6	sling	M69,160c0,8.55608 2,17.56764 2,25	15	0	5	stroke
pilot1	6247-a34e373a-217c-4a0a-a8fc-9becfef19917	1506471449511	6	sling	M77,214c4.19493,0 20.81515,4.18485 24,1c3.85822,-3.85822 6.31088,-9.31088 10,-13c1.92278,-1.92278 6,-6.04908 6,-8	16	0	5	stroke
pilot1	6247-a34e373a-217c-4a0a-a8fc-9becfef19917	1506471452142	6	sling	M81,239c34.69819,0 48,-5.5965 48,-41	17	0	5	stroke
pilot1	6247-a34e373a-217c-4a0a-a8fc-9becfef19917	1506471454801	6	sling	M143,185c0,3.21997 1,4.23125 1,8	18	0	5	stroke
pilot1	6247-a34e373a-217c-4a0a-a8fc-9becfef19917	1506471473016	7	robin	M123,191c-7.18112,0 -17.62027,-6.37973 -23,-1c-10.27967,10.27967 9.52027,15.52027 12,18c1.93991,1.93991 -0.19294,8.61413 1,11c2.14367,4.28734 10.03417,8.03417 13,11c10.17722,10.17722 53.69388,4.69388 58,9c1.69527,1.69527 -11,21.61951 -11,27	1	0	6	stroke
pilot1	6247-a34e373a-217c-4a0a-a8fc-9becfef19917	1506471474642	7	robin	M169,236c-1.66141,0 -15,30.3953 -15,33	2	0	6	stroke
pilot1	6247-a34e373a-217c-4a0a-a8fc-9becfef19917	1506471479356	7	robin	M184,238c0,-7.27749 33.24426,-17.24426 38,-22c1.01428,-1.01428 5.88214,-2 8,-2c2,0 8,0 6,0c-27.41254,0 -46.32646,-15.13059 -71,-25c-14.16931,-5.66772 -37.48395,-1 -53,-1	3	0	6	stroke
pilot1	6247-a34e373a-217c-4a0a-a8fc-9becfef19917	1506471502397	8	weimaraner	M83,211c-3.50589,0 -12.33811,-1.66189 -15,1c-25.87951,25.87951 31.78218,19.56437 38,32c4.73235,9.4647 5,17.94835 5,29c0,1.4714 -2,2 -2,2c0,0 10.21115,3.57771 12,0c2.91867,-5.83734 -5.96246,-23.51877 1,-27c15.30714,-7.65357 27.98069,-7 46,-7c14.97689,0 38.92477,32.07523 45,26c2.15502,-2.15502 -18.7091,-23.06364 -20,-25c-0.41345,-0.62017 -0.47295,-1.47295 -1,-2c-0.2357,-0.2357 0.2357,-0.7643 0,-1c-4.62062,-4.62062 -1,-19.29707 -1,-27c0,-0.33333 -0.31623,-0.89459 0,-1c8.85985,-2.95328 28.46722,0 38,0	1	0	7	stroke
pilot1	6247-a34e373a-217c-4a0a-a8fc-9becfef19917	1506471505004	8	weimaraner	M189,206c-37.66328,0 -76.95154,2 -113,2	2	0	7	stroke
pilot1	6247-a34e373a-217c-4a0a-a8fc-9becfef19917	1506471535419	9	pug	M83,211c-7.39876,0 -11,5.38212 -11,-5c0,-1.41652 -1.6067,-4.78661 -3,-2c-10.61213,21.22426 14.02989,11.91034 10,24c-0.2357,0.70711 -0.66667,1.33333 -1,2c-0.33333,0.66667 -0.66667,1.33333 -1,2c-0.33333,0.66667 -0.85382,1.26912 -1,2c-2.84833,14.24163 -10,23.28721 -10,39c0,0.64368 -0.36782,3.81609 0,4c0.59628,0.29814 1.33333,0 2,0c11.7191,0 8.46287,-20.46287 18,-30c3.92894,-3.92894 15.8431,-5.21077 23,-7c4.83125,-1.20781 11.01881,0.0094 15,2c3.6583,1.82915 16.07041,-2.92959 19,0c1.70493,1.70493 -1.29364,7.84394 0,10c4.73697,7.89496 12.48109,16.24055 20,20c0.95987,0.47993 5.86727,4.13273 8,2c0.91957,-0.91957 -0.71118,-2.51863 -1,-3c-7.63468,-12.72447 -11.12949,-19.32372 -17,-34c-0.11158,-0.27895 -1.79488,-1.20512 -1,-2c9.92671,-9.92671 21.53054,-16 37,-16c0.41176,0 2.73529,0.26471 3,0c0.85963,-0.85963 1,-4.55375 1,-6c0,-1.35695 0.79929,-6.20071 0,-7c-23.5171,-23.5171 -27.96434,-0.00892 -48,5c-7.30263,1.82566 -20.75383,3 -27,3c-10.54765,0 -27.44583,4.77708 -37,0c-0.66667,-0.33333 -2,-0.25464 -2,-1	1	0	8	stroke
pilot1	6247-a34e373a-217c-4a0a-a8fc-9becfef19917	1506471582565	10	crow	M76,243c0,3.08098 -28.38745,16.61255 -28,17c1.09321,1.09321 8.62476,0 10,0c9.91714,0 24.36675,-2.52665 32,-1c8.108,1.6216 15.6699,8 25,8c0.66667,0 1.5286,-0.4714 2,0c2.91719,2.91719 2.03782,23 7,23	1	0	9	stroke
pilot1	6247-a34e373a-217c-4a0a-a8fc-9becfef19917	1506471584372	10	crow	M122,284c5,0 10,0 15,0	2	0	9	stroke
pilot1	6247-a34e373a-217c-4a0a-a8fc-9becfef19917	1506471586420	10	crow	M129,268c-4.10654,0 -8.52214,-2 -11,-2	3	0	9	stroke
pilot1	6247-a34e373a-217c-4a0a-a8fc-9becfef19917	1506471588092	10	crow	M129,266c0,9.86794 9.608,9 20,9	4	0	9	stroke
pilot1	6247-a34e373a-217c-4a0a-a8fc-9becfef19917	1506471596626	10	crow	M76,240c5.57393,0 9.0129,-3.33763 14,-5c6.94064,-2.31355 15.86759,1.7831 23,0c18.91331,-4.72833 43.14234,-4.57117 60,-13c4.99034,-2.49517 17.12352,-18.87648 25,-11c5.58564,5.58564 11.47942,11.47942 17,17c3.51284,3.51284 -13.0463,2.09261 -14,4c-1.87862,3.75725 -0.03247,11.35498 -4,14c-18.19343,12.12896 -50.87139,2.87139 -67,19	5	0	9	stroke
pilot1	6247-a34e373a-217c-4a0a-a8fc-9becfef19917	1506471609019	10	crow	M183,219c0.68881,0 15,-2 15,-2c0,0 -13.63774,-1.63774 -11,1c0.86968,0.86968 -3,21 -3,21c0,0 -0.84273,-21.84273 2,-19c4.84087,4.84087 -3.16309,19.83691 1,24c1.45199,1.45199 7,-17 7,-17l-1,14l3,-22c0,0 -4,13.35738 -4,13c0,-1.66667 0,-3.33333 0,-5c0,-0.4714 -1,-0.5286 -1,-1c0,-1.33333 -0.42164,-2.73509 0,-4c0.44919,-1.34758 1.3974,-2.5342 3,-2c0.95173,0.31724 5,3 5,3c0,0 -3.82352,-12.82352 4,-5c1.09328,1.09328 4.18196,1.18196 5,2c2.83823,2.83823 -14.83823,-1.83823 -12,1c1.04765,1.04765 4.2412,1.2412 5,2c4.03487,4.03487 -3,2 -3,2c0,0 9.83855,-0.19358 11,0c1.67655,0.27942 5,1 5,1c0,0 -12.94662,-0.97331 -15,-2c-5.26567,-2.63284 -2.12595,-12.12595 -5,-15c-0.69585,-0.69585 -2.77906,5.55812 -3,6c-3.69039,7.38079 -3.06586,15.26344 -6,27c-0.33333,1.33333 -1,4 -1,4c0,0 8.59978,-6.59978 9,-7c1.59279,-1.59279 -1.23146,11.76854 -6,7c-1.07906,-1.07906 2.52867,-2.76434 3,-3c9.19127,-4.59564 -0.05339,-15 15,-15	6	0	9	stroke
pilot1	6247-a34e373a-217c-4a0a-a8fc-9becfef19917	1506471632107	11	hatchback	M68,247c6.90949,0 2.07655,14.53827 -3,12c-8.40794,-4.20397 -4.06644,-13 5,-13	1	0	10	stroke
pilot1	6247-a34e373a-217c-4a0a-a8fc-9becfef19917	1506471638896	11	hatchback	M64,244c0,-10.83899 -29.40026,-40.59974 -24,-46c5.21738,-5.21738 14.09078,10 -3,10	2	0	10	stroke
pilot1	6247-a34e373a-217c-4a0a-a8fc-9becfef19917	1506471641722	11	hatchback	M44,202c0,4.40271 7.09216,8.09216 10,11	3	0	10	stroke
pilot1	6247-a34e373a-217c-4a0a-a8fc-9becfef19917	1506471647474	11	hatchback	M127,184c0,11.62137 -4.18573,47.81427 3,55c10.28149,10.28149 48.00916,2.09863 62,0c6.14431,-0.92165 30.47862,2.04276 34,-5c2.9487,-5.8974 0,-20.99376 0,-28c0,-41.09115 -26.51152,-29.37788 -61,-38c-3.9756,-0.9939 -34.76995,-9.23005 -40,-4c-2.6666,2.6666 0,20.56325 0,25	4	0	10	stroke
pilot1	6247-a34e373a-217c-4a0a-a8fc-9becfef19917	1506471650575	11	hatchback	M137,208c12.78807,0 2.25434,32.25434 -8,22c-7.71037,-7.71037 1.04036,-24 14,-24	5	0	10	stroke
pilot1	6247-a34e373a-217c-4a0a-a8fc-9becfef19917	1506471653068	11	hatchback	M224,207c-11.68255,0 -13.84403,21 -2,21c1.4955,0 4,0.72523 4,-1	6	0	10	stroke
pilot1	6247-a34e373a-217c-4a0a-a8fc-9becfef19917	1506471655157	11	hatchback	M159,223c0,-8.02639 19.55087,-0.55087 23,-4c0.74536,-0.74536 -1.94591,-1 -3,-1c-6.6546,0 -14.51271,0.62182 -21,-1c-0.7231,-0.18078 -2,-1 -2,-1c0,0 43.27325,-3.71221 15,1c-1.27787,0.21298 -2.69994,0 -4,0	7	0	10	stroke
pilot1	6247-a34e373a-217c-4a0a-a8fc-9becfef19917	1506471658148	11	hatchback	M130,235c0,5.5883 0.68356,10.31644 -2,13c-8.69979,8.69979 -13.26655,-21 3,-21	8	0	10	stroke
pilot1	6247-a34e373a-217c-4a0a-a8fc-9becfef19917	1506471661100	11	hatchback	M227,227c0,5.06829 -0.08226,8.83548 2,13c0.73589,1.47177 4.23277,7.76723 6,6c7.02356,-7.02356 -7,-23.40025 -7,-25	9	0	10	stroke
pilot1	6247-a34e373a-217c-4a0a-a8fc-9becfef19917	1506471665544	11	hatchback	M122,222c-9.69047,0 -61.45418,-38.90835 -64,-44c-2.05439,-4.10878 12.1008,-16.0504 16,-18c7.27361,-3.6368 23.73412,3.86706 30,7c5.62656,2.81328 40.16837,-1 48,-1	10	0	10	stroke
pilot1	6247-a34e373a-217c-4a0a-a8fc-9becfef19917	1506471678689	12	redantique	M53,252c30.49701,0 4.884,45.884 -9,32c-12.27778,-12.27778 0.70603,-36 15,-36	1	0	11	stroke
pilot1	6247-a34e373a-217c-4a0a-a8fc-9becfef19917	1506471680947	12	redantique	M63,252c0,1.98187 23.49523,9.44233 27,11c20.39581,9.0648 88.33095,-2.66905 103,12c12.2548,12.2548 -24.41802,7.58198 -36,-4c-1.39104,-1.39104 -1.95682,-9 0,-9	2	0	11	stroke
pilot1	6247-a34e373a-217c-4a0a-a8fc-9becfef19917	1506471686547	12	redantique	M189,267c7.07053,0 14.2037,-13.7963 8,-20c-8.81239,-8.81239 -40.10809,-11.10809 -46,-17c-6.15817,-6.15817 -9.25395,-21.12698 -17,-25c-3.93594,-1.96797 -13.78475,1 -18,1c-8.25267,0 -26.02596,-6.48702 -33,-3c-5.12385,2.56192 -37.13126,40.26251 -39,44	3	0	11	stroke
pilot1	6247-a34e373a-217c-4a0a-a8fc-9becfef19917	1506471686938	12	redantique	M44,247c0,2.33333 0,4.66667 0,7	4	0	11	stroke
pilot1	6247-a34e373a-217c-4a0a-a8fc-9becfef19917	1506471700984	13	doberman	M142,241c0,15.89241 9,29.89265 9,42	1	0	12	stroke
pilot1	6247-a34e373a-217c-4a0a-a8fc-9becfef19917	1506471704310	13	doberman	M143,241c30.77358,0 12.66321,19.66321 25,32c1.72591,1.72591 -0.08896,6 3,6	2	0	12	stroke
pilot1	6247-a34e373a-217c-4a0a-a8fc-9becfef19917	1506471713519	13	doberman	M144,240c-7.85042,0 -18.36567,-2.36567 -24,-8c-1.92414,-1.92414 15.78453,1.21547 13,4c-3.70992,3.70992 -31,-14 -31,-14c0,0 7.52811,-0.22537 11,1c7.23363,2.55305 14.38537,8.14147 21,12c2.71629,1.5845 5.38348,3.25566 8,5c0.87706,0.58471 3.94281,1.4714 3,1c-7.7389,-3.86945 -32,-15.9771 -32,-26c0,-1.33333 2.70648,-0.32338 4,0c12.36867,3.09217 24.70979,9.3549 36,15c1.07497,0.53748 3.84984,1.15016 3,2c-4.42192,4.42192 -23.48224,-7.82741 -27,-9c-1.24086,-0.41362 -8.5346,-4.4654 -8,-5c0.57711,-0.57711 4.34054,2.47243 5,3c8.26754,6.61403 19.92285,12.92285 27,20c0.1,0.1 2,1 2,1c0,0 -22.6517,-12.69659 -21,-16c0.09731,-0.19462 23,9 23,9c0,0 -24.23028,-6.16908 -27,-7c-2.85977,-0.85793 -4.5865,-2.79325 -7,-4c-0.59763,-0.29882 -2,0.65829 -2,-1c0,-4.44722 17.44722,3 13,3c-6.88231,0 -13.16494,-5.08247 -19,-8c-2.54733,-1.27366 -10.848,-3 -8,-3c2.21322,0 15,6 15,6c0,0 -10.17528,-9.83066 -15,-15c-1.95651,-2.09626 -5,-9.86744 -5,-7c0,2.67756 13.15236,13.84764 11,16c-9.2329,9.2329 -18,-16 -18,-16c0,0 8.33966,14.01898 9,16c0.61464,1.84391 3,6.94365 3,5c0,-2.32686 -10,-28.56191 -10,-19c0,2.23077 0.40453,5.40453 2,7	3	0	12	stroke
pilot1	6247-a34e373a-217c-4a0a-a8fc-9becfef19917	1506471716396	13	doberman	M103,230c0,4.66667 0,9.33333 0,14c0,4 0,8 0,12c0,19.50433 -3,-22.66638 -3,-32c0,-1.27027 1,-4 1,-4c0,0 0,6 0,9c0,11.66667 0,23.33333 0,35	4	0	12	stroke
pilot1	6247-a34e373a-217c-4a0a-a8fc-9becfef19917	1506471718195	13	doberman	M117,228c0,12.66667 0,25.33333 0,38	5	0	12	stroke
pilot1	6247-a34e373a-217c-4a0a-a8fc-9becfef19917	1506471723432	13	doberman	M102,193c0,-2.33333 0,-4.66667 0,-7c0,-22.96368 8.19077,17.59538 -7,10c-3.6675,-1.83375 -6.0967,-23 -5,-23c3.22107,0 8.68836,13.37672 8,12c-3.90175,-7.8035 6.81606,-5.63213 4,0c-7.95778,15.91557 -13.47855,-8.23928 -17,-10c-4.85456,-2.42728 -11.95554,0 -5,0	6	0	12	stroke
pilot1	6247-a34e373a-217c-4a0a-a8fc-9becfef19917	1506471724775	13	doberman	M103,177c0,-2.97692 0,-17.14863 0,-8	7	0	12	stroke
pilot1	6247-a34e373a-217c-4a0a-a8fc-9becfef19917	1506471726076	13	doberman	M95,183c0,-2.66667 0,0 0,0c3.48759,10.46278 5.84421,34 17,34	8	0	12	stroke
pilot1	6247-a34e373a-217c-4a0a-a8fc-9becfef19917	1506471744994	14	white	M116,252c3.20959,0 -0.05953,18.94047 -9,10c-6.7547,-6.7547 7.60364,-14 11,-14	1	0	13	stroke
pilot1	6247-a34e373a-217c-4a0a-a8fc-9becfef19917	1506471751298	14	white	M107,250c-0.43876,0 -19.22953,-21.61477 -22,-23c-7.27503,-3.63752 -6.24968,12.75032 -13,6c-7.51067,-7.51067 5.51485,-12 10,-12	2	0	13	stroke
pilot1	6247-a34e373a-217c-4a0a-a8fc-9becfef19917	1506471756786	14	white	M81,219c0,-3.92423 5.13861,-4 9,-4c22.53781,0 42.96895,6.96895 57,21c2.0954,2.0954 4.29924,6.37532 -2,9c-6.21099,2.58791 -15.43773,4.76957 -22,6c-6.35162,1.19093 -12.59919,1 -19,1	3	0	13	stroke
pilot1	6247-a34e373a-217c-4a0a-a8fc-9becfef19917	1506471763823	14	white	M105,150c5.94043,0 19.54014,5.45986 11,14c-8.43585,8.43585 -16.82813,-8.17187 -11,-14	4	0	13	stroke
pilot1	6247-a34e373a-217c-4a0a-a8fc-9becfef19917	1506471774546	14	white	M119,159c7.86043,0 16.83425,1 24,1c17.55481,0 46.88596,5.88596 23,-18c-1.6484,-1.6484 -2.91252,1.95626 -3,2c-4.51326,2.25663 -46.94353,9.05647 -51,5c-2.12083,-2.12083 -9.58637,-21.41363 -6,-25c11.04853,-11.04853 59,3.31702 59,17	5	0	13	stroke
pilot1	6247-a34e373a-217c-4a0a-a8fc-9becfef19917	1506471779057	14	white	M119,118c-5.6363,0 -22.96196,-16.03804 -26,-13c-16.22511,16.22511 -7.5471,19.17935 5,38c1.70775,2.56163 7.17382,11 9,11	6	0	13	stroke
pilot1	6247-a34e373a-217c-4a0a-a8fc-9becfef19917	1506471780697	14	white	M81,114c0,0.07114 -14.90356,16 5,16	7	0	13	stroke
pilot1	6247-a34e373a-217c-4a0a-a8fc-9becfef19917	1506471805277	15	cuckoo	M103,257c0,11.43496 -6,21.91946 -6,33	1	0	14	stroke
pilot1	6247-a34e373a-217c-4a0a-a8fc-9becfef19917	1506471808088	15	cuckoo	M104,256c0,6.86706 15.59961,3.59961 19,7c2.16253,2.16253 0.39567,17 5,17	2	0	14	stroke
pilot1	6247-a34e373a-217c-4a0a-a8fc-9becfef19917	1506471813858	15	cuckoo	M119,259c11.10316,-11.10316 -8.366,-58 -14,-58c-0.78301,0 -4.50102,-0.49898 -5,0c-2.95323,2.95323 -1.06366,47.93634 0,49c0.77296,0.77296 4,3.60354 4,5	3	0	14	stroke
pilot1	6247-a34e373a-217c-4a0a-a8fc-9becfef19917	1506471816950	15	cuckoo	M100,237c2.33068,0 10.60744,6.39256 11,6c4.839,-4.839 0.68483,-11 10,-11	4	0	14	stroke
pilot1	6247-a34e373a-217c-4a0a-a8fc-9becfef19917	1506471818348	15	cuckoo	M102,227c3.94605,0 8.48525,0.51475 11,-2	5	0	14	stroke
pilot1	6247-a34e373a-217c-4a0a-a8fc-9becfef19917	1506471820206	15	cuckoo	M100,213c4.55482,0 6.34457,1 11,1	6	0	14	stroke
pilot1	6247-a34e373a-217c-4a0a-a8fc-9becfef19917	1506471824498	15	cuckoo	M118,232c-1.69222,1.69222 -20,21.52672 -20,6	7	0	14	stroke
pilot1	6247-a34e373a-217c-4a0a-a8fc-9becfef19917	1506471841847	16	bluesport	M80,248c9.85744,-9.85744 15.39896,9.30052 10,12c-7.92244,3.96122 -17.2911,-8.7089 -12,-14c7.58063,-7.58063 62.69384,-7 79,-7c1.14904,0 5.56893,-0.72427 6,1c3.58219,14.32877 -14.78795,14.06027 -17,3c-0.99642,-4.98212 -2.63882,-6 3,-6c2.90002,0 6.55408,1 8,1	1	0	15	stroke
pilot1	6247-a34e373a-217c-4a0a-a8fc-9becfef19917	1506471845853	16	bluesport	M158,238c9.453,0 7.12753,-20.87247 2,-26c-5.2159,-5.2159 -25.50856,3.74572 -31,1c-8.86048,-4.43024 -7.36424,-15.12715 -18,-13c-4.26396,0.85279 -17.06641,-0.93359 -20,2c-4.88968,4.88968 -8.1652,15.1652 -13,20c-3.07355,3.07355 -13.6539,-0.3461 -16,2c-1.57395,1.57395 1.45071,6.90141 2,8c5.66936,11.33873 16.97823,11 28,11	2	0	15	stroke
pilot1	6247-a34e373a-217c-4a0a-a8fc-9becfef19917	1506471892256	17	goldenretriever	M90,217c-4.67117,4.67117 -35,7.6852 -35,18c0,2.35702 4.64298,1 7,1c8.74755,0 20.56817,0 28,0c3.72678,0 11,-5.72678 11,-2c0,2.98026 -21.89892,35.10108 -16,41c7.453,7.453 13,-25.76857 13,-28c0,-0.66667 -0.4714,-1.5286 0,-2c7.72403,-7.72403 3.7254,22.7254 4,23c0.4714,0.4714 1.33333,0 2,0c8.42549,0 2.07346,-19.35782 13,-23c25.09607,-8.36536 36.09175,22 51,22	1	0	16	stroke
pilot1	6247-a34e373a-217c-4a0a-a8fc-9becfef19917	1506471900490	17	goldenretriever	M139,241c13.47764,0 22.94559,13 38,13c0.61024,0 3.61036,-0.38964 4,0c1.0726,1.0726 1.98687,5.4803 3,7c0.27219,0.40828 1,4 1,4c0,0 -5.54083,-19.18875 -3,-23c7.19997,-10.79995 28,-4.80191 28,-13c0,-1.95182 -0.06346,-10.03173 -2,-11c-33.9365,-16.96825 -40.28095,8.04794 -71,6c-7.72305,-0.51487 -16.79017,-6.42506 -24,-9c-20.37875,-7.27812 -36.6603,-6.3397 -48,5c-1.78616,1.78616 -11,5.12133 -11,9	2	0	16	stroke
pilot1	6247-a34e373a-217c-4a0a-a8fc-9becfef19917	1506471911120	17	goldenretriever	M108,85c0,7.37311 -26.15272,10 -33,10c-0.4714,0 -1.33333,0.66667 -1,1c11.84154,11.84154 38.46685,12.46685 39,13c3.67933,3.67933 3.41603,13.80534 19,19c9.26113,3.08704 22.19343,0.45159 32,2c11.61018,1.83319 23.23336,4.76664 31,-3c1.90664,-1.90664 2,-15.07533 2,-19c0,-4.083 1.28271,-10.15187 0,-14c-4.02607,-12.07822 -72.67664,-6 -88,-6	3	0	16	stroke
pilot1	6247-a34e373a-217c-4a0a-a8fc-9becfef19917	1506471912367	17	goldenretriever	M124,123c0,6.4854 4,14.39848 4,19	4	0	16	stroke
pilot1	6247-a34e373a-217c-4a0a-a8fc-9becfef19917	1506471913318	17	goldenretriever	M141,125c0,3.64847 2,7.03222 2,10	5	0	16	stroke
pilot1	6247-a34e373a-217c-4a0a-a8fc-9becfef19917	1506471914115	17	goldenretriever	M175,133c5.01804,0 9,3.29721 9,9	6	0	16	stroke
pilot1	6247-a34e373a-217c-4a0a-a8fc-9becfef19917	1506471914892	17	goldenretriever	M193,126c1.0551,0 7,6.15807 7,8	7	0	16	stroke
pilot1	6247-a34e373a-217c-4a0a-a8fc-9becfef19917	1506471916800	17	goldenretriever	M191,88c12.02799,0 18.79881,-24.6006 34,-17c2.39554,1.19777 1,7.78196 1,10c0,16.85844 -24.02405,23 -38,23	8	0	16	stroke
pilot1	6247-a34e373a-217c-4a0a-a8fc-9becfef19917	1506471942411	18	redsport	M199,249c12.86516,7.35152 1.9498,18.96235 -6,13c-10.41236,-7.80927 0.04188,-13.77487 8,-9	1	0	16	stroke
pilot1	6247-a34e373a-217c-4a0a-a8fc-9becfef19917	1506471946675	18	redsport	M192,249c-28.45611,7.11403 -43.62108,-8.03789 -64,-6c-5.89524,0.58952 -12.24297,12.00312 -19,9c-13.95257,-6.20114 7.55664,-7.68867 11,-7	2	0	16	stroke
pilot1	6247-a34e373a-217c-4a0a-a8fc-9becfef19917	1506471954884	18	redsport	M110,246c-2.26377,-0.3234 -12.74771,-0.01831 -12,-6c0.24108,-1.92864 3.19537,-2.27815 5,-3c4.07696,-1.63078 55.02313,-16.19537 56,-16c6.9652,1.39304 16.32446,0.77482 23,3c8.7677,2.92257 13.53916,15.16232 24,14c3.42821,-0.38091 10.13059,-4.5796 14,-2c13.02815,8.68543 -13.42987,14.52338 -21,12	3	0	16	stroke
pilot1	6247-a34e373a-217c-4a0a-a8fc-9becfef19917	1506471960420	18	redsport	M214,232c2.25941,0 13,-5.23019 13,-7c0,-3.33333 -11.33333,6 -8,6	4	0	16	stroke
pilot1	6247-a34e373a-217c-4a0a-a8fc-9becfef19917	1506471975987	19	chihuahua	M93,163c-15.30615,0 4,10.51398 4,14	1	0	17	stroke
pilot1	6247-a34e373a-217c-4a0a-a8fc-9becfef19917	1506471985481	19	chihuahua	M90,161c0.66667,0 1.33333,0 2,0c0.94281,0 1.05719,2 2,2c1.28162,0 18.23925,6.23925 20,8c0.49958,0.49958 11.50042,0.49958 12,0c0.41594,-0.41594 4.14395,-5.85605 5,-5c0.7879,0.7879 -0.78401,5.56801 -1,6c-2.06482,4.12964 -15.62596,28.18702 -22,25c-4.22232,-2.11116 -1.86799,-7.86799 -4,-10c-3.37799,-3.37799 -8,-8.39363 -8,-14	2	0	17	stroke
pilot1	6247-a34e373a-217c-4a0a-a8fc-9becfef19917	1506471988400	19	chihuahua	M106,188c0.83189,0 10,0 10,0c0,0 -4.59459,0 -5,0c-2.9731,0 5,0 5,0h-5c0,0 1.33333,0 2,0	3	0	17	stroke
pilot1	6247-a34e373a-217c-4a0a-a8fc-9becfef19917	1506471991719	19	chihuahua	M119,191c0,7.72933 8.0259,17.9482 4,26c-1.07566,2.15133 -17.22612,3.77388 -19,2c-3.5,-3.5 2.5,-16.5 -1,-20c-2.48216,-2.48216 -1,-12.4299 -1,-17	4	0	17	stroke
pilot1	6247-a34e373a-217c-4a0a-a8fc-9becfef19917	1506471992857	19	chihuahua	M103,216c0,8.67404 -1,16.33007 -1,25	5	0	17	stroke
pilot1	6247-a34e373a-217c-4a0a-a8fc-9becfef19917	1506471993966	19	chihuahua	M121,219c2.19237,0 5,13.78438 5,16	6	0	17	stroke
pilot1	6247-a34e373a-217c-4a0a-a8fc-9becfef19917	1506471997660	19	chihuahua	M121,189c6.61745,-6.61745 35.14365,-10.56904 38,-2c0.60864,1.82591 4.02483,7.97517 2,10c-6.17048,6.17048 -24.39417,0.39417 -29,5c-1.80464,1.80464 -5.79789,9 -10,9	7	0	17	stroke
pilot1	6247-a34e373a-217c-4a0a-a8fc-9becfef19917	1506471999823	19	chihuahua	M157,180c0,-1.55166 3.92145,-3 6,-3	8	0	17	stroke
pilot1	6247-a34e373a-217c-4a0a-a8fc-9becfef19917	1506472001932	19	chihuahua	M153,199c0,7.33333 0,14.66667 0,22	9	0	17	stroke
pilot1	6247-a34e373a-217c-4a0a-a8fc-9becfef19917	1506472003476	19	chihuahua	M163,197c0,6.45866 6,9.4567 6,15	10	0	17	stroke
pilot1	6247-a34e373a-217c-4a0a-a8fc-9becfef19917	1506472023034	20	leather	M87,178c0,28.97042 -5,58.87975 -5,87	1	0	18	stroke
pilot1	6247-a34e373a-217c-4a0a-a8fc-9becfef19917	1506472027910	20	leather	M89,220c7.21421,0 68.76872,6.76872 71,9c4.45082,4.45082 -4,25.78515 -4,32c0,1.33333 0,4 0,4c0,0 0,-2.66667 0,-4c0,-6.00925 0.58655,-12.00499 1,-18c1.52134,-22.05943 -2.31701,-46.41493 2,-68c0.126,-0.63 0.47699,-7.7615 0,-8c-6.82655,-3.41327 -21.62471,0 -29,0c-11.18367,0 -24.83438,0.86094 -36,-1c-3.03137,-0.50523 -8.02817,-4.91548 -9,-2c-3.17637,9.5291 1,32.12191 1,8	2	0	18	stroke
pilot1	6247-a34e373a-217c-4a0a-a8fc-9becfef19917	1506472031301	20	leather	M157,221c5.15592,0 14.85827,-8.42914 20,-11c0.91037,-0.45518 16.86546,-5.13454 16,-6c-2.64967,-2.64967 -28.376,-6.188 -36,-10	3	0	18	stroke
pilot1	6247-a34e373a-217c-4a0a-a8fc-9becfef19917	1506472033225	20	leather	M192,206c0,12.01114 5,26.11764 5,36	4	0	18	stroke
pilot1	6247-a34e373a-217c-4a0a-a8fc-9becfef19917	1506472060786	21	nightingale	M116,255c0,7.34478 -5.52851,22 1,22	1	0	19	stroke
pilot1	6247-a34e373a-217c-4a0a-a8fc-9becfef19917	1506472062719	21	nightingale	M129,257c0,8.64435 -3.69523,21 6,21	2	0	19	stroke
pilot1	6247-a34e373a-217c-4a0a-a8fc-9becfef19917	1506472069735	21	nightingale	M115,250c0,3.98725 0.6149,4.6149 3,7c19.41002,19.41002 30.48519,-46.51481 21,-56c-1.88061,-1.88061 -6.99411,1.99411 -8,3c-5.8414,5.8414 -30.91893,50 -15,50	3	0	19	stroke
pilot1	6247-a34e373a-217c-4a0a-a8fc-9becfef19917	1506472073330	21	nightingale	M118,218c-4.56531,0 -14.92427,-16.07573 -15,-16c-6.67796,6.67796 4.11927,33 9,33	4	0	19	stroke
pilot1	6247-a34e373a-217c-4a0a-a8fc-9becfef19917	1506472075816	21	nightingale	M141,224c3.20285,0 16.11685,-6.88315 17,-6c5.72465,5.72465 -17,24.48788 -17,26	5	0	19	stroke
pilot1	6247-a34e373a-217c-4a0a-a8fc-9becfef19917	1506472109957	22	beetle	M77,223c0,-2.47238 9.01357,-2.99322 11,-2c11.6554,5.8277 -9.10831,28.78337 -13,21c-14.59326,-29.18653 27.71967,-26.76011 48,-20c6.53957,2.17986 13.49173,-1.25414 20,2c3.22891,1.61445 8.68365,-1.31635 11,1c10.06363,10.06363 -18.00804,21.97588 -23,7c-3.94,-11.81999 34,-0.39268 34,-10c0,-1.10037 0.67169,-9.66416 0,-10c-4.53333,-2.26667 -12.46667,2.26667 -17,0c-5.30348,-2.65174 -8.66794,-15.33397 -18,-20c-4.27463,-2.13732 -21.59398,-1.80201 -27,0c-4.1642,1.38807 -6.47377,10.47377 -9,13c-4.8459,4.8459 -18,5.73459 -18,15	1	0	20	stroke
pilot1	6247-a34e373a-217c-4a0a-a8fc-9becfef19917	1506472126895	23	tomtit	M120,244c0,4.45881 9.58608,36 0,36c-1.20185,0 1.15016,-2.15016 2,-3c0.67608,-0.67608 2.8947,-13.1053 4,-12c0.32561,0.32561 2,12 2,12c0,0 0,-4 0,-6c0,-10.04766 11.56763,1 14,1	1	0	21	stroke
pilot1	6247-a34e373a-217c-4a0a-a8fc-9becfef19917	1506472132595	23	tomtit	M123,244c0,-0.74536 1.25464,-1 2,-1c10.94875,0 29.9108,-0.5446 39,4c0.29814,0.14907 0.7643,-0.2357 1,0c5.35284,5.35284 -4.24205,34.75795 -6,33c-0.74536,-0.74536 0.36754,-2.15673 1,-3c4.18428,-5.57904 5.84098,-6.47707 8,0c0.60589,1.81767 1,2.85798 1,5	2	0	21	stroke
pilot1	6247-a34e373a-217c-4a0a-a8fc-9becfef19917	1506472133771	23	tomtit	M166,270c7.06277,0 13.53194,7 19,7	3	0	21	stroke
pilot1	6247-a34e373a-217c-4a0a-a8fc-9becfef19917	1506472140562	23	tomtit	M165,247c0,-2.78665 8.02322,-8.04643 10,-12c1.06922,-2.13843 5.36904,-45.26193 3,-50c-1.03477,-2.06955 -7.58234,-7.70883 -11,-6c-4.39698,2.19849 -6.94376,10.94376 -10,14c-3.68958,3.68958 -17.41032,10.70516 -22,13c-0.66667,0.33333 -1.66667,0.33333 -2,1c-5.20205,10.40409 -18,32.80332 -18,41	4	0	21	stroke
pilot1	6247-a34e373a-217c-4a0a-a8fc-9becfef19917	1506472143291	23	tomtit	M120,223c0,6.95964 -16.88553,12 -6,12c1.47967,0 2.52033,-2 4,-2	5	0	21	stroke
pilot1	6247-a34e373a-217c-4a0a-a8fc-9becfef19917	1506472148734	23	tomtit	M156,190c3.59118,0 17.50696,7.49304 20,5c1.76215,-1.76215 -4,-11 -4,-11c0,0 -0.13952,16.86048 -7,10c-2.77345,-2.77345 0.74417,-6 3,-6c4.15639,0 0.37883,7.75767 -2,3c-1.39346,-2.78693 0.19592,-6 3,-6c1.47316,0 6.6697,3 4,3c-3.90157,0 -14.48967,-2.25517 -11,-4c1.41514,-0.70757 8,-0.54234 8,1c0,2 0,4 0,6c0,3.75423 -6.91102,-2.08898 -5,-4c1.46459,-1.46459 4.74981,1 6,1	6	0	21	stroke
pilot1	6247-a34e373a-217c-4a0a-a8fc-9becfef19917	1506472154322	23	tomtit	M169,197c0,11.92959 -6.59696,29.19393 -12,40c-0.06176,0.12353 -2,5 -2,5c0,0 0.97627,-4.92881 1,-5c3.99328,-11.97984 7.5029,-25.50871 11,-36c0.05745,-0.17236 1,-6 1,-6c0,0 0,6.4229 0,7c0,14.85254 -9.22233,23.44466 -15,35c-0.05186,0.10373 -3.66661,8.33339 -4,8c-2.66667,-2.66667 0.66667,-1.83333 1,-2c0.21026,-0.10513 20,-50.07583 20,-56c0,-2.33333 0,4.66667 0,7c0,4.9191 -1.51468,9.54405 -3,14c-2.96888,8.90664 -11,26.45682 -11,32	7	0	21	stroke
pilot1	6247-a34e373a-217c-4a0a-a8fc-9becfef19917	1506472183492	24	sparrow	M121,241c0,11.81973 -5.35558,24.35558 -12,31c-0.15584,0.15584 -2,2 -2,2c0,0 2.36044,-2.36044 3,-3c3.91311,-3.91311 3,3 3,3c0,0 -0.28958,-6.71042 0,-7c2.47031,-2.47031 7.50999,5 9,5c0.4714,0 1,0.5286 1,1	1	0	22	stroke
pilot1	6247-a34e373a-217c-4a0a-a8fc-9becfef19917	1506472188748	24	sparrow	M123,239c0,17.87813 17.06446,4.06446 25,12c6.55246,6.55246 -10.61689,21.61689 -12,23c-0.2357,0.2357 -1.33333,0 -1,0c1.49071,0 2.94591,-0.94591 4,-2c5.44425,-5.44425 4,4 4,4c0,0 1,-1.56667 1,-2c0,-12.80993 10,-8.07722 10,-2	2	0	22	stroke
pilot1	6247-a34e373a-217c-4a0a-a8fc-9becfef19917	1506472197578	24	sparrow	M120,239c-6.29712,0 -16.00485,-36.99515 -11,-42c1.52318,-1.52318 4.85652,-0.85652 6,-2c0.85898,-0.85898 6.50408,0 8,0c6.31696,0 36.44782,35.22391 44,39c0.66667,0.33333 0.47295,1.47295 1,2c0.66905,0.66905 5,4 5,4c0,0 -4.81316,-2.43797 -7,-4c-7.87459,-5.62471 -20,10.87048 -20,12	3	0	22	stroke
pilot1	6247-a34e373a-217c-4a0a-a8fc-9becfef19917	1506472202038	24	sparrow	M109,204c0,9.95883 20.98201,-3.991 21,-4c0.35017,-0.17509 2,-2 2,-2c0,0 -4.80341,0.80341 -5,1c-7.87835,7.87835 -11.5778,6 -24,6	4	0	22	stroke
pilot1	6247-a34e373a-217c-4a0a-a8fc-9becfef19917	1506472205917	24	sparrow	M118,209c0,0.94832 -0.60389,5.39611 0,6c0.7071,0.7071 2.94977,10.05023 6,7c1.96485,-1.96485 1,-9.05974 1,-12c0,-2.5476 -0.53743,-4 -3,-4c-0.74536,0 -1,1.25464 -1,2c0,2.69453 0.6484,7.6484 2,9c0.84178,0.84178 1.78035,-6 -1,-6	5	0	22	stroke
pilot1	6247-a34e373a-217c-4a0a-a8fc-9becfef19917	1506472241211	25	brown	M58,246c0,6.27565 1.1429,2.8571 3,1c1.21579,-1.21579 -4,-4.21905 -4,0c0,2.03598 1,7.87978 1,3c0,-9.98866 -4,-10.30886 -4,-22c0,-0.66667 -0.4714,-1.5286 0,-2c5.02939,-5.02939 17.08494,-5.78301 26,-4c4.80642,0.96128 14.60343,3.60343 18,7c1.5,1.5 -1.5,7.5 0,9c0.69787,0.69787 -32.61857,2 -41,2	1	0	23	stroke
pilot1	6247-a34e373a-217c-4a0a-a8fc-9becfef19917	1506472243777	25	brown	M96,240c0,3.98814 1.97781,13.65187 -5,9c-9.84498,-6.56332 2,-14.26134 2,-4c0,3.93052 -2.6375,4.0875 -4,0c-0.41453,-1.24359 -0.23504,-2 1,-2	2	0	23	stroke
pilot1	6247-a34e373a-217c-4a0a-a8fc-9becfef19917	1506472247142	25	brown	M55,220c0,-18.45746 8.81199,-52.06267 33,-44c1.33612,0.44537 7.08299,0.08299 8,1c0.94281,0.94281 0,2.66667 0,4c0,14.6352 -1,30.62772 -1,45	3	0	23	stroke
pilot1	6247-a34e373a-217c-4a0a-a8fc-9becfef19917	1506472254857	25	brown	M61,196c7.77542,0 15.20717,1 23,1c2.50431,0 4.22786,1 7,1c1.33333,0 5.33333,0 4,0c-8.01063,0 -13.32448,-4.18542 -20,-8c-2.68725,-1.53557 -3.97841,-1.97841 -6,-4c-1.17851,-1.17851 -6.66667,0 -5,0c2.46497,0 18,1 18,1c0,0 -15.71113,-4.28887 -12,-8c1.13222,-1.13222 11.32551,-0.23921 13,0c1.68259,0.24037 6.69967,1 5,1c-3.0751,0 -15.14327,-3.85673 -15,-4c2.49188,-2.49188 19.16237,2.16237 21,4c2.08027,2.08027 -3,14 -3,14c0,0 -0.49716,-8.99432 -1,-10c-4.92718,-9.85436 -7.15201,9.84799 -8,9c-2.37431,-2.37431 0.95637,-10.52182 -2,-12c-4.28458,-2.14229 -5.89826,7.89826 -7,9c-1.16667,1.16667 -4.83333,-0.16667 -6,1c-0.33333,0.33333 -1,1 -1,1h20c0,0 -13.29381,0 -15,0c-0.66667,0 -2.66667,0 -2,0c4.33333,0 8.66667,0 13,0c2.33333,0 9.33333,0 7,0c-6.33333,0 -12.66667,0 -19,0c-0.33333,0 -1.2357,0.2357 -1,0c1.4768,-1.4768 16,-1 16,-1c0,0 -17.88766,-1.70411 -17,-2c5.83103,-1.94368 14.70775,0 21,0	4	0	23	stroke
pilot1	6247-a34e373a-217c-4a0a-a8fc-9becfef19917	1506472259284	25	brown	M98,175c0,2.53495 2.80767,-0.19233 4,1c5.71139,5.71139 14.19955,-7.60089 16,-4c10.57421,21.14843 -4.65335,71 -31,71	5	0	23	stroke
pilot1	6247-a34e373a-217c-4a0a-a8fc-9becfef19917	1506472264250	25	brown	M60,197c2.25455,-2.25455 30.10845,-2.91299 17,0c-2.30089,0.51131 -4.68875,0.53775 -7,1c-3.55897,0.71179 -6.33826,1 -10,1	6	0	23	stroke
pilot1	6247-a34e373a-217c-4a0a-a8fc-9becfef19917	1506472265548	25	brown	M59,199c8.33333,0 16.66667,0 25,0c19.77131,0 -21.2954,1 -28,1	7	0	23	stroke
pilot1	6247-a34e373a-217c-4a0a-a8fc-9becfef19917	1506472268716	25	brown	M107,176c0,21.17425 -12,29.63466 -12,50	8	0	23	stroke
pilot1	6247-a34e373a-217c-4a0a-a8fc-9becfef19917	1506472304660	26	bluesedan	M63,270c18.91499,0 5.9657,20.98285 -2,17c-10.05869,-5.02934 1.30519,-14.30519 3,-16c0.2357,-0.2357 1.33333,0 1,0c-3.60334,0 -30.31573,-1.68427 -19,-13c8.14296,-8.14296 24.54654,1.72673 34,-3c2.92106,-1.46053 7.69938,-4.69938 10,-7c0.4714,-0.4714 1.33333,0 2,0c7.01051,0 54.36729,-0.63271 56,1c2.56729,2.56729 8.88057,8.94029 13,11c3.72814,1.86407 10.62543,2.62543 14,6c5.25539,5.25539 -13.24525,12 -17,12c-2.74874,0 -9.94365,3.94365 -8,2c2.74874,-2.74874 7.25126,-8.74874 10,-6c2.55232,2.55232 -0.70405,5 -3,5c-13.45422,0 2,-4 2,-4c0,0 -16.99393,-0.66869 -10,-3c0.80408,-0.26803 4.92036,-2.07964 6,-1c4.16739,4.16739 -8.98325,14.01675 -12,11c-4.96644,-4.96644 10.11365,-10.88635 13,-8c1.86776,1.86776 -3.51809,2 -4,2c-4.40315,0 -6.2901,3 -8,3	1	0	24	stroke
pilot1	6247-a34e373a-217c-4a0a-a8fc-9becfef19917	1506472307152	26	bluesedan	M144,276c-24.62352,0 -49.7389,-1 -74,-1	2	0	24	stroke
pilot1	6247-a34e373a-217c-4a0a-a8fc-9becfef19917	1506472311600	26	bluesedan	M138,248c0,2.21451 2.61236,10.69382 2,11c-5.16575,2.58287 -49.66924,5.66538 -55,3c-2.14646,-1.07323 -3.24528,-8 -5,-8	3	0	24	stroke
pilot1	6247-a34e373a-217c-4a0a-a8fc-9becfef19917	1506472315441	26	bluesedan	M140,256c0.78301,0 4.50102,0.49898 5,0c1.94365,-1.94365 10.74874,-2 8,-2c-3.33333,0 -6.66667,0 -10,0c-3.81499,0 7.18141,-4 2,-4c-1.98096,0 -9.20806,1 -4,1	4	0	24	stroke
pilot1	6247-a34e373a-217c-4a0a-a8fc-9becfef19917	1506472369617	27	bullmastiff	M86,203c0,20.88775 -19,42.88209 -19,63	1	0	25	stroke
pilot1	6247-a34e373a-217c-4a0a-a8fc-9becfef19917	1506472372372	27	bullmastiff	M86,210c4.27106,0 6.93947,2.96973 11,5c3.1858,1.5929 11.08673,1.08673 13,3c0.56504,0.56504 -8,34.16161 -8,43	2	0	25	stroke
pilot1	6247-a34e373a-217c-4a0a-a8fc-9becfef19917	1506472375485	27	bullmastiff	M107,219c12.9247,0 26.16625,0.94458 38,-3c2.96078,-0.98693 24.55909,-11.44091 26,-10c0.94281,0.94281 0,2.66667 0,4c0,14.96032 0.14329,27.42987 5,42c0.3502,1.05061 0,2.8833 0,4	3	0	25	stroke
pilot1	6247-a34e373a-217c-4a0a-a8fc-9becfef19917	1506472377135	27	bullmastiff	M154,213c0,11.33333 0,22.66667 0,34	4	0	25	stroke
pilot1	6247-a34e373a-217c-4a0a-a8fc-9becfef19917	1506472382242	27	bullmastiff	M87,202c5.9378,0 10.63334,-5.975 16,-10c3.1046,-2.32845 73.0648,-24.21296 77,-25c17.2924,-3.45848 19.58455,19.41545 17,22c-4.2008,4.2008 -17.32737,0.32737 -21,4c-1.40628,1.40628 -4.97465,6 -7,6	5	0	25	stroke
pilot1	6247-a34e373a-217c-4a0a-a8fc-9becfef19917	1506472384111	27	bullmastiff	M178,166c-6.9902,0 1.60212,25.39788 9,18c3.35664,-3.35664 1,-19.45292 1,-24	6	0	25	stroke
pilot1	6247-a34e373a-217c-4a0a-a8fc-9becfef19917	1506472387304	27	bullmastiff	M93,193c-8.94335,0 -18.33893,6 -27,6	7	0	25	stroke
pilot1	6247-a34e373a-217c-4a0a-a8fc-9becfef19917	1506472419314	28	waiting	M77,191c0,16.5046 -2,32.4447 -2,49	1	0	26	stroke
pilot1	6247-a34e373a-217c-4a0a-a8fc-9becfef19917	1506472422805	28	waiting	M78,193c14.92865,0 55.65871,1.65871 67,13c5.84478,5.84478 5,26.62413 5,35	2	0	26	stroke
pilot1	6247-a34e373a-217c-4a0a-a8fc-9becfef19917	1506472425713	28	waiting	M144,201c0,-4.25904 11.61704,-28.38296 8,-32c-2.15423,-2.15423 -52.19331,-5.90334 -56,-4c-8.66293,4.33147 -10.47979,30 -19,30	3	0	26	stroke
pilot1	6247-a34e373a-217c-4a0a-a8fc-9becfef19917	1506472427529	28	waiting	M154,169c0,5.76574 2.2652,40 11,40	4	0	26	stroke
pilot1	6247-a34e373a-217c-4a0a-a8fc-9becfef19917	1506472431749	28	waiting	M96,164c0,-8.99329 -1.531,-12.17925 -6,-20c-3.50092,-6.12661 -4.14762,-10.3181 -10,-15c-2.88466,-2.30773 -6.44773,-10.51742 -11,-9c-10.47386,3.49129 -17.07655,77 13,77	5	0	26	stroke
pilot1	6247-a34e373a-217c-4a0a-a8fc-9becfef19917	1506472458428	29	bloodhound	M89,169c0,1.02271 -14.9841,10.0159 -9,16c4.20789,4.20789 13.2902,0.58041 18,10c2.66238,5.32477 -4.15363,22.84637 0,27c7.41942,7.41942 7.76122,-22.23878 10,-20c3.81831,3.81831 0,10.08415 0,15c0,0.22149 -2.86693,5 -2,5c5.36146,0 3.82678,-18.82678 6,-21c0.37767,-0.37767 5.96275,-0.01064 6,0c7.09897,2.02828 48.94179,15.88358 52,22c1.26384,2.52769 3.54067,6.08135 5,9c0.53757,1.07515 2.68271,6.31729 3,6c2.95219,-2.95219 -6.80102,-11.19898 -4,-14c10.09518,-10.09518 16.30721,10 21,10c0.66098,0 -7.15344,-15.02469 -8,-17c-3.96755,-9.25763 -4.44848,-22.34545 -8,-33c-0.63156,-1.89468 -10.69988,-5.84279 -11,-6c-38.03972,-19.92557 -43.16123,-21.97313 -79,-16c-3.64518,0.60753 -13.27544,1.27544 -16,4	1	0	27	stroke
pilot1	6247-a34e373a-217c-4a0a-a8fc-9becfef19917	1506472460363	29	bloodhound	M179,178c0.64163,0 56.32822,19.32822 61,24	2	0	27	stroke
pilot1	6247-a34e373a-217c-4a0a-a8fc-9becfef19917	1506472463985	29	bloodhound	M86,162c-4.57008,0 -5.04988,-8 -10,-8c-3,0 -6,0 -9,0c-4.27244,0 -18.39605,13.73597 -12,18c5.81552,3.87701 32,4.60838 32,10	3	0	27	stroke
pilot1	6247-a34e373a-217c-4a0a-a8fc-9becfef19917	1506472490175	30	pigeon	M100,140c-2.34574,0 -16.12941,-1.87059 -18,0c-0.2357,0.2357 0,0.66667 0,1c0,13.78165 3.7309,14.55814 7,26c1.90325,6.66137 -0.19397,14.41808 2,21c0.2357,0.70711 0.47295,1.47295 1,2c25.4082,25.4082 51.79462,37.73513 87,26c3.25174,-1.08391 12.9766,-0.9766 15,-3c1.91442,-1.91442 0.51786,-3.74107 -2,-5c-10.65136,-5.32568 -35.19053,-4.19053 -43,-12c-2.14787,-2.14787 -2.70003,-10.40007 -4,-13c-12.55026,-25.10052 -25.28699,-41 -54,-41	1	0	28	stroke
pilot1	6247-a34e373a-217c-4a0a-a8fc-9becfef19917	1506472491746	30	pigeon	M131,216c0,10.22264 5.56394,29 -8,29	2	0	28	stroke
pilot1	6247-a34e373a-217c-4a0a-a8fc-9becfef19917	1506472493864	30	pigeon	M163,219c0,8.82249 3.1857,25 -7,25	3	0	28	stroke
pilot1	6247-a34e373a-217c-4a0a-a8fc-9becfef19917	1506472511313	31	inlay	M86,237c0,5.33333 0,10.66667 0,16c0,3.33333 0,6.66667 0,10c0,3 0,6 0,9c0,9.85498 -4.56113,-32.43887 -1,-36c5.10105,-5.10105 54.87895,5.12105 59,1c3.10622,-3.10622 0,-29.45375 0,-35c0,-0.33333 0.2357,-0.7643 0,-1c-2.41392,-2.41392 -20.89277,0 -24,0c-3.45944,0 -29.95382,-3.04618 -33,0c-4.12599,4.12599 -3,23.49295 -3,29	1	0	29	stroke
pilot1	6247-a34e373a-217c-4a0a-a8fc-9becfef19917	1506472513384	31	inlay	M143,236c-1.93432,0 -1,4.75905 -1,6c0,14 0,28 0,42	2	0	29	stroke
pilot1	6247-a34e373a-217c-4a0a-a8fc-9becfef19917	1506472514768	31	inlay	M84,228c0,3 0,6 0,9	3	0	29	stroke
pilot1	6247-a34e373a-217c-4a0a-a8fc-9becfef19917	1506472517646	31	inlay	M87,196c0,-7.39253 1,-14.61479 1,-22c0,-33.73606 0,23.30764 0,34	4	0	29	stroke
pilot1	6247-a34e373a-217c-4a0a-a8fc-9becfef19917	1506472524633	31	inlay	M89,164c-1.08455,0 -11.60068,0.79864 -12,0c-0.65812,-1.31624 -1.63211,-19.36789 0,-21c0.4714,-0.4714 1.33333,0 2,0c9.8978,0 76.3626,3.3626 80,7c1.66652,1.66652 -0.41693,12.41693 -1,13c-1,1 1,5 0,6c-2.36612,2.36612 -59.2481,-1 -71,-1	5	0	29	stroke
pilot1	6247-a34e373a-217c-4a0a-a8fc-9becfef19917	1506472526719	31	inlay	M96,166c0,11.66667 0,23.33333 0,35	6	0	29	stroke
pilot1	6247-a34e373a-217c-4a0a-a8fc-9becfef19917	1506472529463	31	inlay	M90,183c1.66667,0 1.33333,4 3,4	7	0	29	stroke
pilot1	6247-a34e373a-217c-4a0a-a8fc-9becfef19917	1506472532491	31	inlay	M140,168c0,12 0,24 0,36	8	0	29	stroke
pilot1	6247-a34e373a-217c-4a0a-a8fc-9becfef19917	1506472535404	31	inlay	M133,169c0,9.66667 0,19.33333 0,29	9	0	29	stroke
pilot1	6247-a34e373a-217c-4a0a-a8fc-9becfef19917	1506472541168	31	inlay	M135,180c6.64801,0 -5.90929,6 2,6	10	0	29	stroke
pilot1	6247-a34e373a-217c-4a0a-a8fc-9becfef19917	1506472560261	32	knob	M91,212c0,3.29787 4.2163,8.56739 2,13c-6.46541,12.93082 -21.97662,-1.04675 -16,-13c1.9674,-3.9348 50.32869,-5.32869 56,-11c0.81789,-0.81789 0.87434,-21.12566 0,-22c-8.01121,-8.01121 -10.61543,20.19229 -19,16c-16.84428,-8.42214 2.33302,-30.83325 15,-34c31.75396,-7.93849 19.74773,32.74773 25,38c1.38477,1.38477 -4.33592,-3.89062 -6,-5c-5.87596,-3.91731 -11.20513,0 -16,0	1	0	30	stroke
pilot1	6247-a34e373a-217c-4a0a-a8fc-9becfef19917	1506472569002	32	knob	M153,196c0,-10.01102 8,-10.85777 8,1c0,7.04004 -6.05131,0.05131 -8,2c-0.38257,0.38257 0,4.64926 0,5c0,13.88289 1.45509,24.08981 -4,35c-11.00674,22.01348 -30.03137,12.51569 -43,19c-11.13264,5.56632 -12,28.27247 -12,42	2	0	30	stroke
pilot1	6247-a34e373a-217c-4a0a-a8fc-9becfef19917	1506472571408	32	knob	M134,251c0,4.28189 -7.64526,16.35474 -4,20c4.81706,4.81706 12,12.88716 12,21	3	0	30	stroke
pilot1	6247-a34e373a-217c-4a0a-a8fc-9becfef19917	1506472577903	32	knob	M105,254c0,-4.30964 1.84381,-17.15619 -1,-20c-0.32311,-0.32311 -6.11354,-7.88646 -5,-9c2.74904,-2.74904 17.93343,-1.32224 22,-2c2.64718,-0.4412 9.73626,0.13187 12,-1c0.7566,-0.3783 4.27543,-4.44914 5,-3c2.86338,5.72677 -4.58875,31 7,31	4	0	30	stroke
pilot1	6247-a34e373a-217c-4a0a-a8fc-9becfef19917	1506472581252	32	knob	M132,197c0,5.81371 5,12.41691 5,21	5	0	30	stroke
pilot1	6247-a34e373a-217c-4a0a-a8fc-9becfef19917	1506472584673	32	knob	M97,225c-29.42637,9.80879 -3.2831,63 -22,63	6	0	30	stroke
