gameid	time	trialNum	strokeNum	targetName	shiftKeyUsed	svg
8766-c20bacc6-5be5-4311-8036-1476c4630078	1493330592379	1	1	bluesport	0	M104,146c6.95177,0 40.02812,38.97188 27,52c-1.38749,1.38749 -0.07732,4.53866 -3,6c-10.52779,5.2639 -19.38124,-23 -1,-23c4.31358,0 9,-0.25749 9,4
8766-c20bacc6-5be5-4311-8036-1476c4630078	1493330595553	1	2	bluesport	0	M137,192c0,1.75655 3.41996,1 5,1c2.02759,0 4.56628,-0.43372 6,1c7.88393,7.88393 34.6458,-4.3542 43,4c0.74287,0.74287 1.15171,12.30342 -2,6c-6.62007,-13.24013 -4.32719,5.33641 -9,3c-1.94881,-0.9744 -1.81291,-5.21937 -3,-7c-0.50071,-0.75107 -2,-4 -2,-4c0,0 -1.54054,8 -4,8c-2.77638,0 -5.83764,-10.16236 -7,-9c-0.74536,0.74536 -0.5286,2.05719 -1,3c-1.73265,3.46531 -9.84976,-2.15024 -13,1c-2.3912,2.3912 -0.15743,7 -5,7
8766-c20bacc6-5be5-4311-8036-1476c4630078	1493330596123	1	3	bluesport	0	M142,198c0,-1.79036 -10,14.38168 -10,-1
8766-c20bacc6-5be5-4311-8036-1476c4630078	1493330598392	1	4	bluesport	0	M191,203c0,-11.40898 8.2284,-24.7716 19,-14c1.07285,1.07285 2,5.37761 2,7c0,6.73911 -16.54291,19.91418 -22,9c-0.86159,-1.72318 -4.02796,-4 0,-4
8766-c20bacc6-5be5-4311-8036-1476c4630078	1493330599796	1	5	bluesport	0	M192,204c0,-14.2187 -11.15872,-31.31744 -17,-43c-1.70571,-3.41141 -13.58278,-16 -12,-16
8766-c20bacc6-5be5-4311-8036-1476c4630078	1493330601521	1	6	bluesport	0	M212,196c0,-20.93661 -15.69522,-45.69522 -27,-57c-0.97354,-0.97354 -0.81719,-3.18281 -3,-1
8766-c20bacc6-5be5-4311-8036-1476c4630078	1493330609442	1	7	bluesport	0	M115,194c0,-18.82796 -12.92866,-33.85733 -19,-46c-0.67158,-1.34317 -4,-6 -4,-6c0,0 10.08442,0 11,0c24.19547,0 50.46359,-2 76,-2c2.78882,0 7.33004,-3.66996 4,-7c-7.49753,-7.49753 -9.41999,-23.41999 -16,-30c-10.89817,-10.89817 -55.31634,-8.65817 -70,-16c-16.83627,-8.41814 -62.08006,-0.16012 -48,28c8.27638,16.55275 18.85266,27 40,27c1.27188,0 7.19045,0.80955 8,0c2.25765,-2.25765 -0.63036,-13.73929 1,-17c2.96612,-5.93224 11.0873,-9.54365 18,-13c6.69255,-3.34628 57,-9.20671 57,-1
8766-c20bacc6-5be5-4311-8036-1476c4630078	1493330614154	1	8	bluesport	0	M122,200c0,1.20249 -7.39492,1.80254 -9,1c-7.51941,-3.75971 -8.90056,-11.95028 -17,-16c-18.16881,-9.0844 -40.2616,-26.2616 -54,-40c-8.62125,-8.62125 1.29632,-31.40736 4,-26
8766-c20bacc6-5be5-4311-8036-1476c4630078	1493330615137	1	9	bluesport	0	M97,186c-8.70613,-8.70613 -18.26251,17.82499 -12,22c11.1926,7.46173 26,10.3107 26,-7c0,-2.36036 0.54955,-3 -2,-3
8766-c20bacc6-5be5-4311-8036-1476c4630078	1493330616006	1	10	bluesport	0	M41,151c1.96966,0 2,-1.90197 2,-4
8766-c20bacc6-5be5-4311-8036-1476c4630078	1493330616606	1	11	bluesport	0	M41,151c0,-18.59408 -25.79374,15.40209 -3,23c17.15585,5.71862 22.94197,-23 6,-23
8766-c20bacc6-5be5-4311-8036-1476c4630078	1493330618145	1	12	bluesport	0	M188,202c0,-2.15546 -12.07533,4.84933 -8,13c5.67614,11.35227 14,4.15909 14,-6
8766-c20bacc6-5be5-4311-8036-1476c4630078	1493330658005	2	1	pug	0	M100,119c14.07084,-14.07084 78.55456,3.89087 68,25c-11.02827,22.05655 -54.2824,21.7176 -70,6c-5.64364,-5.64364 -10.18782,-15.37563 -14,-23c-5.20399,-10.40798 11.91101,-11 18,-11c1.4955,0 4,-0.72523 4,1
8766-c20bacc6-5be5-4311-8036-1476c4630078	1493330660580	2	2	pug	0	M122,112c-14.79194,-5.91677 -15.31839,34.32736 13,23c1.82602,-0.73041 6.19243,-1.5773 7,-4c4.05752,-12.17256 -19.07716,-27.38427 -26,-17c-5.70987,8.56481 -2.02831,32.01132 13,26c17.17627,-6.87051 -1.52564,-31.73718 -13,-26c-11.44161,5.72081 11.64626,23.06123 15,13c1.3511,-4.0533 -0.51837,-19.74081 -8,-16c-9.58168,4.79084 1.07102,19.92898 5,16c0.26471,-0.26471 0,-2.58824 0,-3c0,-8.20177 -3,-5.73916 -3,2c0,7.28616 0,-10.26164 0,-7c0,0.48693 2.84268,13.31465 5,9c0.95014,-1.90027 -0.02171,-12.97829 -3,-10c-1.70542,1.70542 0.98292,5.98292 2,7
8766-c20bacc6-5be5-4311-8036-1476c4630078	1493330664286	2	3	pug	0	M174,93c4.05913,-4.05913 6.64272,-8.64272 10,-12c1.2738,-1.2738 3.45496,1 4,1c6.68022,0 13.89057,29.10943 7,36c-1.44928,1.44928 -2.82182,-3.64364 -3,-4c-1.37648,-2.75296 -7.20484,-8.60242 -10,-10c-1.52496,-0.76248 -14.31936,-1.36128 -14,-2c1.60935,-3.2187 12.02368,-13 14,-13c0.66055,0 4.25777,10.74223 6,9c1.8164,-1.8164 -3,-17 -3,-17c0,0 1.96959,25.03041 5,22c2.14698,-2.14698 -2,-14.81625 -2,-1c0,5.16693 3.37264,1.05897 0,-4c-1.34609,-2.01914 -5.28406,-0.28406 -7,-2c-2.30926,-2.30926 -3,1.69027 -3,3
8766-c20bacc6-5be5-4311-8036-1476c4630078	1493330667543	2	4	pug	0	M102,82c0,1.32431 -0.65526,-4.65526 -2,-6c-3.1012,-3.1012 -6.21266,-6.21266 -9,-9c-9.97068,-9.97068 -22.59306,13.59306 -26,17c-2.59262,2.59262 0.38196,8 3,8c4.37823,0 11.90441,2 14,2c0.36266,0 7.01459,-12.5073 10,-14c0.47512,-0.23756 6,-1 6,-1h-14c0,0 8.53067,1.53067 5,-2c-0.2357,-0.2357 -0.7643,0.2357 -1,0c-1.41835,-1.41835 -5,2.51205 -5,5c0,0.62532 4.605,-4.42 5,-6c0.52491,-2.09965 2.51538,-5.82821 -1,-7c-4.69155,-1.56385 -6.40836,2.40836 -9,5c-7.22575,7.22575 6.97032,2.97032 4,0c-3.73353,-3.73353 -11.90875,4 -6,4
8766-c20bacc6-5be5-4311-8036-1476c4630078	1493330667677	2	5	pug	0	M76,75c-2.85338,-1.14135 -5.92682,2 -9,2
8766-c20bacc6-5be5-4311-8036-1476c4630078	1493330669591	2	6	pug	0	M124,140c0,-2.40855 -0.37548,4.24905 0,5c2.08089,4.16179 2.41679,6.41679 5,9c7.49436,7.49436 17.68703,-3 23,-3
8766-c20bacc6-5be5-4311-8036-1476c4630078	1493330670651	2	7	pug	0	M122,138c0,3.47926 -18.09047,9.45476 -21,8c-5.65159,-2.82579 -6.77822,-15 -11,-15
8766-c20bacc6-5be5-4311-8036-1476c4630078	1493330672561	2	8	pug	0	M125,153c2.42116,0 0.57647,4.84705 0,6c-1.24335,2.4867 -24.00476,26.99524 -32,19c-11.22998,-11.22998 2.89224,-38.10776 13,-28
8766-c20bacc6-5be5-4311-8036-1476c4630078	1493330674851	2	9	pug	0	M174,94c1,0 0.70711,-2.29289 0,-3c-10.70907,-10.70907 -51.55546,-32.44454 -68,-16c-3.31317,3.31317 -9,1.0297 -9,7
8766-c20bacc6-5be5-4311-8036-1476c4630078	1493330676098	2	10	pug	0	M188,115c2.94581,0 2,3.90428 2,6c0,19.4617 0.45804,39 -26,39
8766-c20bacc6-5be5-4311-8036-1476c4630078	1493330677523	2	11	pug	0	M82,92c0,3.64279 -15.5066,21.4934 -8,29c2.2265,2.2265 8,10.56845 8,15
8766-c20bacc6-5be5-4311-8036-1476c4630078	1493330686200	2	12	pug	0	M117,163c0,20.9542 -39.16102,78.83898 -20,98c1.66087,1.66087 5.22904,-1.22904 6,-2c7.29576,-7.29576 11.54699,-55.54699 20,-64c1.58291,-1.58291 6,1.2868 6,2c0,2.09808 1.4013,56.4013 2,57c0.2357,0.2357 -0.2357,0.7643 0,1c2.02075,2.02075 10.62342,-0.62342 12,-2c8.78502,-8.78502 4,-38.29611 4,-51c0,-1.2494 -1.38387,-3.23226 -1,-4c2.28842,-4.57685 39.93411,-13.93411 45,-19c2.68798,-2.68798 5.87142,5.87142 6,6c10.79233,10.79233 5.71302,36.71302 17,48c0.38669,0.38669 4.16632,1.83368 5,1c14.11063,-14.11063 2.73,-41.53999 -4,-55c-2.91301,-5.82602 -0.20238,-12.20238 -4,-16c-1.47415,-1.47415 5.58406,-3.58406 6,-4c1.01344,-1.01344 0,-8.40759 0,-10c0,-11.30101 -6.43951,-16.62634 -16,-23c-1.88803,-1.25868 -9,-8.89471 -9,-6
8766-c20bacc6-5be5-4311-8036-1476c4630078	1493330687435	2	13	pug	0	M209,132c11.59544,0 11.67157,-14.66421 3,-19c-5.72762,-2.86381 -6.83015,13.08492 1,17c4.98203,2.49101 0.9006,-18.9006 -4,-14c-10.14964,10.14964 2.61318,8 2,8
8766-c20bacc6-5be5-4311-8036-1476c4630078	1493330689295	2	14	pug	0	M186,180c0,11.61952 -11.13786,34.72429 -5,47c1.30008,2.60017 6.57333,2.85334 8,0c5.76429,-11.52859 9,-32.05617 9,-44
8766-c20bacc6-5be5-4311-8036-1476c4630078	1493330711525	3	1	beetle	0	M217,148c0,-1.2123 -1.80273,-1.59863 -3,-1c-24.69423,12.34711 -22.4458,68.74097 12,63c23.85076,-3.97513 56.44937,-46.16297 30,-66c-13.99643,-10.49733 -30.79785,4 -45,4
8766-c20bacc6-5be5-4311-8036-1476c4630078	1493330713204	3	2	beetle	0	M82,151c-21.54384,0 -31.9125,77.55893 14,71c23.9859,-3.42656 52.93587,-50.03848 28,-65c-6.69783,-4.0187 -32,-8.21173 -32,-8
8766-c20bacc6-5be5-4311-8036-1476c4630078	1493330714155	3	3	beetle	0	M126,187c15.53721,0 35.15686,2.94771 50,-2c8.60051,-2.86684 20.68463,-9 30,-9
8766-c20bacc6-5be5-4311-8036-1476c4630078	1493330717610	3	4	beetle	0	M246,146c4.08341,-4.08341 -11,-28.35186 -11,-36c0,-0.33333 0.2357,-0.7643 0,-1c-3.41301,-3.41301 -45.94702,-5.05298 -50,-1c-0.19659,0.19659 -2.55085,3.44915 -4,2c-5.16352,-5.16352 -0.45024,-21.45024 -6,-27c-15.89804,-15.89804 -62.41195,-29.19602 -87,-21c-32.26833,10.75611 -40.20396,42.40792 -54,70c-2.11109,4.22217 -13.13187,27.86813 -8,33c4.19027,4.19027 8.75625,6.87812 15,10c3.3012,1.6506 14,-2.54533 14,2
8766-c20bacc6-5be5-4311-8036-1476c4630078	1493330728372	4	1	goldenretriever	0	M177,105c1.1669,0 -3.46847,1.46847 -5,3c-4.5059,4.5059 -9.78483,4.56965 -13,11c-8.36013,16.72026 -3.05924,26.94076 8,38c8.39104,8.39104 23.09907,-0.09907 28,-5c2.86692,-2.86692 3,-15.91932 3,-20c0,-2.16773 0,-9.27884 0,-8
8766-c20bacc6-5be5-4311-8036-1476c4630078	1493330732205	4	2	goldenretriever	0	M172,101c10.36158,10.36158 36.57968,-7.42032 48,4c5.33897,5.33897 14.14121,12.14121 19,17c3.4931,3.4931 -1.03103,12.96897 2,16c3.71496,3.71496 9.98618,7.98618 13,11c0.05598,0.05598 7,3 7,3c0,0 -24.92765,3.07235 -16,12c5.46932,5.46932 20.69838,-1.60324 16,-11c-4.08,-8.15999 -18.75209,5 -10,5
8766-c20bacc6-5be5-4311-8036-1476c4630078	1493330734480	4	3	goldenretriever	0	M246,163c-12.1611,0 -22.34975,5.65025 -33,-5c-3.28662,-3.28662 -6.19382,-6.19382 -10,-10c-1.33917,-1.33917 -5.87905,-4.87905 -4,-3
8766-c20bacc6-5be5-4311-8036-1476c4630078	1493330736274	4	4	goldenretriever	0	M231,165c3.35419,0 1.94445,1.11111 1,3c-3.9673,7.9346 -23,8.05324 -23,-2
8766-c20bacc6-5be5-4311-8036-1476c4630078	1493330738001	4	5	goldenretriever	0	M229,169c0,4.38074 5.00283,21.99717 12,15c8.53769,-8.53769 -8,-22.06596 -8,-21
8766-c20bacc6-5be5-4311-8036-1476c4630078	1493330746695	4	6	goldenretriever	0	M169,123c-1.12928,0 -1.95417,-2.02292 -4,-1c-8.89242,4.44621 -48.52604,27.23698 -51,26c-12.67942,-6.33971 -23.98133,-11.99067 -38,-19c-8.47565,-4.23783 -30.86147,6.13853 -36,1c-6.85817,-6.85817 -19,-15.40214 -19,-26c0,-0.49342 0,-6 0,-6c0,0 -1,3.40541 -1,4c0,6.67044 -6.61263,30.38737 0,37c2.79018,2.79018 2.24946,9.24946 6,13c0.87989,0.87989 7.99266,6.00734 7,7c-7.82846,7.82846 -37.54151,57.45849 -24,71c1.16667,1.16667 2.83333,1.83333 4,3c10.15618,10.15618 7.02882,-15.02882 9,-17c4.39755,-4.39755 12.81431,-29 24,-29
8766-c20bacc6-5be5-4311-8036-1476c4630078	1493330749283	4	7	goldenretriever	0	M27,215c-6.31816,0 -2.88223,31.88223 8,21c1.38015,-1.38015 4.85121,-2.85121 7,-5c10.80461,-10.80461 4.66086,-22.32171 11,-35c1.88189,-3.76378 2.29645,-7.59291 4,-11c1.16246,-2.32492 4,-6.35394 4,-6
8766-c20bacc6-5be5-4311-8036-1476c4630078	1493330756275	4	8	goldenretriever	0	M53,182c0,2.57631 31.6363,10.6363 34,13c4.90426,4.90426 12.44485,0.72242 19,4c22.50325,11.25162 73.13813,2.13813 86,15c11.02446,11.02446 -5.79409,52.41181 2,68c1.6271,3.25419 3.65449,10.17276 10,7c21.5741,-10.78705 5.62994,-81 17,-81c0.33333,0 0.7643,-0.2357 1,0c9.60502,9.60502 -2.86569,47.26862 3,59c0.9019,1.8038 3.03014,5.48493 6,4c9.01774,-4.50887 18.26886,-51.46227 13,-62c-5.75211,-11.50422 -12,-25.43189 -12,-39
8766-c20bacc6-5be5-4311-8036-1476c4630078	1493330775344	5	1	inlay	0	M195,149c-11.06791,-11.06791 -27.73799,-41.869 -38,-47c-9.42904,-4.71452 -86.89077,24.89077 -93,31c-6.6399,6.6399 9.64308,51.32154 17,55c8.80368,4.40184 98.46077,-23.46077 106,-31c0.80062,-0.80062 5.63478,-7 8,-7c2.33333,0 0,4.66667 0,7c0,5.66667 0,11.33333 0,17c0,12.88073 4,28.54359 4,41
8766-c20bacc6-5be5-4311-8036-1476c4630078	1493330776167	5	2	inlay	0	M91,188c1.88503,0 1,4.39729 1,6c0,18.58316 -4,35.99937 -4,55c0,1.65692 -0.91733,6 1,6
8766-c20bacc6-5be5-4311-8036-1476c4630078	1493330777043	5	3	inlay	0	M169,167c0,-1.8541 1,10.102 1,13c0,9.4599 2,19.37096 2,28
8766-c20bacc6-5be5-4311-8036-1476c4630078	1493330778263	5	4	inlay	0	M63,142c0,14.96856 -4,30.25007 -4,46c0,2.53128 -0.83615,4 2,4
8766-c20bacc6-5be5-4311-8036-1476c4630078	1493330780775	5	5	inlay	0	M198,152c3.92686,-3.92686 3,-45.51954 3,-55c0,-5.09013 9.63516,-28.36484 7,-31c-15.66038,-15.66038 -49.91364,-21.08636 -27,-44c2.5929,-2.5929 28.76938,3.76938 30,5c2.65879,2.65879 -4,25.3977 -4,30c0,5.0111 -1,20.0111 -1,15
8766-c20bacc6-5be5-4311-8036-1476c4630078	1493330781837	5	6	inlay	0	M175,45c0,-7.54812 -5.93281,12.89922 -8,16c-5.99218,8.98827 -11,29.67207 -11,40
8766-c20bacc6-5be5-4311-8036-1476c4630078	1493330795982	6	1	knob	0	M214,79c0,18.02615 7.98605,42.01395 -5,55c-19.3747,19.3747 -89.89966,-16.10034 -113,7c-6.77839,6.77839 -28.0568,12.88641 -20,29c6.18907,12.37814 26.66788,17.66423 34,3c5.66364,-11.32728 -8,-24.91824 -8,-17
8766-c20bacc6-5be5-4311-8036-1476c4630078	1493330800247	6	2	knob	0	M213,85c-6.48844,0 -24.22975,-30.77025 -28,-27c-8.49629,8.49629 3.32336,36.67664 -5,45c-1.74931,1.74931 -8.64163,0.82082 -11,2c-12.19777,6.09888 -125.76869,-10.53738 -108,25c2.96194,5.92388 19.96528,10.03472 26,4c7.38774,-7.38774 -4.68626,-16.68626 2,-10
8766-c20bacc6-5be5-4311-8036-1476c4630078	1493330803318	6	3	knob	0	M215,131c0,9.92742 -5,24.33208 -5,38c0,0.61024 0.38964,3.61036 0,4c-8.69068,8.69068 -36.14001,18.215 -53,14c-8.20093,-2.05023 -39.52405,-2.47595 -46,4c-2.96712,2.96712 -8.83646,3.83646 -12,7c-10.03748,10.03748 -6.30062,49.30062 -13,56c-1.35558,1.35558 -11,10.82483 -11,14
8766-c20bacc6-5be5-4311-8036-1476c4630078	1493330804997	6	4	knob	0	M211,173c0,19.05164 -12.66242,41.01274 -6,61c2.47555,7.42665 9,16.7869 9,25c0,2.23457 5.7284,9.7284 4,8
8766-c20bacc6-5be5-4311-8036-1476c4630078	1493330806521	6	5	knob	0	M100,195c2.51654,0 8,-14.67967 8,-21c0,-2.24893 2,-9.88524 2,-7
8766-c20bacc6-5be5-4311-8036-1476c4630078	1493330807522	6	6	knob	0	M82,114c14.17923,4.72641 12,19.90641 12,31
8766-c20bacc6-5be5-4311-8036-1476c4630078	1493330808757	6	7	knob	0	M173,99c10.8119,5.40595 23.74238,20.22713 28,33c0.76363,2.2909 12.7677,13 8,13
8766-c20bacc6-5be5-4311-8036-1476c4630078	1493330810883	6	8	knob	0	M206,173c0.89353,0 -8.49152,-13.98303 -10,-17c-6.67514,-13.35029 -20.54627,-10 -39,-10c-12.89592,0 -40.10316,3.10316 -48,11c-4.05998,4.05998 -1.74716,21.74716 -10,30
8766-c20bacc6-5be5-4311-8036-1476c4630078	1493330825432	7	1	nightingale	0	M66,121c-2.57739,0 -2.268,-15.732 0,-18c10.57889,-10.57889 34.01181,-35.49409 55,-25c21.91401,10.957 20.14566,49.14566 38,67c16.47444,16.47444 50.51369,20.51369 55,25c0.89069,0.89069 -24.55129,6.18376 -27,7c-14.67761,4.89254 -37.53067,-0.76533 -50,-7c-7.36252,-3.68126 -12.54269,-6.08538 -16,-13c-1.16166,-2.32332 -2.23196,-6.23196 1,-3
8766-c20bacc6-5be5-4311-8036-1476c4630078	1493330830226	7	2	nightingale	0	M205,173c11.28384,0 22.13165,7.46709 36,4c2.86227,-0.71557 22.25337,-6.74663 23,-6c14.39256,14.39256 -15.44998,23.29 -24,25c-6.07269,1.21454 -42.18621,1.18621 -45,4c-12.18373,12.18373 -51.1675,17.91625 -69,9c-19.23531,-9.61766 -33.02083,-26.02083 -45,-38c-4.87697,-4.87697 -2.97071,-42.97071 -4,-44c-8.4017,-8.4017 -30.4055,1.5945 -32,0c-2.00925,-2.00925 22,-17.64305 22,-9
8766-c20bacc6-5be5-4311-8036-1476c4630078	1493330831202	7	3	nightingale	0	M169,212c0.70218,-0.70218 2,11.6645 2,15
8766-c20bacc6-5be5-4311-8036-1476c4630078	1493330831695	7	4	nightingale	0	M136,210c3.98931,1.99466 1,8.90925 1,13
8766-c20bacc6-5be5-4311-8036-1476c4630078	1493330847000	8	1	bluesedan	0	M243,161c0,-32.91257 -30.25666,-16.12833 -52,-27c-14.55657,-7.27829 -22.98682,-28.49341 -38,-36c-5.14716,-2.57358 -72.53287,-3 -84,-3c-2.78225,0 -5.62326,-0.37674 -7,1c-1.0746,1.0746 -3.815,0.62999 -5,3c-5.25615,10.5123 -7,24.67811 -7,39c0,0.66667 0.4714,1.5286 0,2c-5.95901,5.95901 -17.76024,4.52047 -22,13c-17.36051,34.72102 48.86532,34.37823 68,28c16.05079,-5.35026 37.51436,3.12141 54,-1c10.38497,-2.59624 23.22937,-6 34,-6c13.65587,0 27.54108,-9 41,-9c0.49342,0 6,0 6,0c0,0 -5.24095,0 -6,0c-9.41358,0 -47.1753,14.8247 -32,30c22.09392,22.09392 54.39163,-28 30,-28c-5.40136,0 -10.32628,3 -16,3
8766-c20bacc6-5be5-4311-8036-1476c4630078	1493330847898	8	2	bluesedan	0	M67,179c-19.96696,0 -21.3272,43.22427 -4,49c39.11908,13.03969 34.90614,-45.45307 16,-36
8766-c20bacc6-5be5-4311-8036-1476c4630078	1493330860748	9	1	woven	0	M197,162c-7.34507,0 -9.6913,-7.8971 -16,-10c-7.94265,-2.64755 -72.82335,-23.58833 -78,-21c-3.34997,1.67499 -22.44518,20.44518 -26,24c-7.83143,7.83143 -25.76572,9.70283 -21,24c3.32648,9.97944 8.92918,17.85836 14,28c5.75459,11.50918 19.67955,6.67955 26,13c0.83288,0.83288 3.55487,4.22256 6,3c12.78465,-6.39232 27.45381,-16.61345 41,-20c15.35312,-3.83828 29.42106,-17.71053 42,-24c2.7488,-1.3744 14,-16.47865 14,-15
8766-c20bacc6-5be5-4311-8036-1476c4630078	1493330864030	9	2	woven	0	M100,223c0,-5.66667 -4.00694,12.99306 0,17c5.82459,5.82459 -1.22021,65.1101 21,54c20.26408,-10.13204 64.09405,-30.09405 74,-40c1.30298,-1.30298 -0.50449,-7.00898 -1,-8c-8.2151,-16.4302 -13.51262,-33 -35,-33c-2.81989,0 -5,-3.97917 -5,0
8766-c20bacc6-5be5-4311-8036-1476c4630078	1493330866694	9	3	woven	0	M53,173c0,27.52544 -9.63767,61.36233 9,80c3.03725,3.03725 21.27025,-7.75675 25,-9c17.57869,-5.85956 60.62278,-20.62278 72,-32
8766-c20bacc6-5be5-4311-8036-1476c4630078	1493330869520	9	4	woven	0	M195,160c0,1.59478 3.3428,-32.6572 0,-36c-13.25306,-13.25306 -14.37846,-79.68923 -19,-82c-6.23811,-3.11905 -62.80632,-0.19368 -66,3c-3.41287,3.41287 -4.01806,17.09031 -5,22c-0.61012,3.05061 -8.29096,17.70904 -7,19c7.0549,7.0549 69.89992,2.89992 76,9
8766-c20bacc6-5be5-4311-8036-1476c4630078	1493330870508	9	5	woven	0	M186,114c3.13728,0 -2.92265,-2 -4,-2c-6.14666,0 -12.0099,0.14427 -18,1c-13.26474,1.89496 -29.55086,3.85029 -42,8c-17.76511,5.9217 -17.6576,22.6304 -22,40c-0.32514,1.30057 -2.51417,6 0,6
8766-c20bacc6-5be5-4311-8036-1476c4630078	1493330871600	9	6	woven	0	M99,89c24.27878,-18.20908 -48.9571,3.9571 -51,6c-1.07173,1.07173 -3.42704,1.28111 -4,3c-1.42728,4.28183 -5.2741,35 2,35
8766-c20bacc6-5be5-4311-8036-1476c4630078	1493330889332	10	1	pigeon	0	M213,57c0,-27.66884 -55.06955,-46.89568 -73,-20c-4.72491,7.08737 -9.36184,11.72369 -13,19c-14.00116,28.00232 9.50564,65.49436 -21,96c-17.80117,17.80117 -63.13987,16.13987 -84,37c-0.28958,0.28958 -2.28711,4.71289 -1,6c12.15519,12.15519 41.11813,9.37271 58,15c13.15485,4.38495 27.8196,7.2732 42,12c31.12765,10.37588 60.60455,-14.2091 71,-35c7.11671,-14.23343 -8.50859,-41.50859 -16,-49c-6.79818,-6.79818 20.32769,-72.32769 25,-77c6.17207,-6.17207 26,2.16181 26,14c0,0.88889 1.6476,2.3524 1,3c-2.3907,2.3907 -21.42528,-8 -26,-8
8766-c20bacc6-5be5-4311-8036-1476c4630078	1493330891499	10	2	pigeon	0	M192,164c-13.75228,0 -37.27123,-25.27123 -46,-34c-4.66261,-4.66261 -20.77139,-10 -27,-10c-0.14557,0 -4,-1 -4,-1c0,0 3.68077,1 4,1
8766-c20bacc6-5be5-4311-8036-1476c4630078	1493330894082	10	3	pigeon	0	M71,206c-8.56581,-8.56581 -10.72734,-27.45469 -16,-38c-0.38495,-0.76989 -1.10981,-3.4451 -2,-3c-6.30674,3.15337 -1.16182,19.32364 -4,25c-0.02321,0.04642 -2.03612,5 -1,5c1.59471,0 4.12879,-4.87121 5,-4c0.35168,0.35168 0,8 0,8l-4,-25c0,0 0.90103,16.09897 0,17c-1.65414,1.65414 -5.19807,-9.90096 -9,-8c-1.83591,0.91795 -1.59165,5.59165 -3,7c-0.91886,0.91886 -3.44667,-0.44667 -4,-1c-1.31195,-1.31195 -1.87793,-6.56103 -5,-5c-2.36113,1.18056 -1.63975,5.63975 -3,7c-0.2357,0.2357 -0.66667,0 -1,0
8766-c20bacc6-5be5-4311-8036-1476c4630078	1493330895903	10	4	pigeon	0	M169,44c4.91379,-2.45689 -2.1402,-2.7196 -3,-1c-1.75832,3.51664 1.02668,19.97332 7,14c8.45152,-8.45152 -4,-14.90588 -4,-8
8766-c20bacc6-5be5-4311-8036-1476c4630078	1493330897753	10	5	pigeon	0	M118,217c0,7.48479 -3.39995,31.60005 1,36c0.2761,0.2761 2,21.04845 2,12
8766-c20bacc6-5be5-4311-8036-1476c4630078	1493330899592	10	6	pigeon	0	M145,220c0,6.40763 -0.33073,33.66927 4,38c2.52347,2.52347 17.35527,-1 21,-1c5.89108,0 17,2.06513 17,-2
8766-c20bacc6-5be5-4311-8036-1476c4630078	1493330900667	10	7	pigeon	0	M187,254c4.92475,0 1.57584,16.28792 -9,11c-4.60681,-2.3034 -31,-9.98798 -31,-7
8766-c20bacc6-5be5-4311-8036-1476c4630078	1493330902367	10	8	pigeon	0	M123,264c-4.08029,0 16.51753,16.48247 13,20c-14.14743,14.14743 -19,-17.9617 -19,-15
8766-c20bacc6-5be5-4311-8036-1476c4630078	1493330917847	11	1	crow	0	M132,99c0,0.99064 -4.1154,-4.1154 -6,-6c-4.0215,-4.0215 -25.71606,-13.28394 -34,-5c-12.78662,12.78662 -27.5559,24.5559 -40,37c-2.78073,2.78073 -3.64534,4.32267 -7,6c-1.21925,0.60962 -8,5 -8,5c0,0 4.59459,0 5,0c10.07709,0 21.25572,-2 33,-2c0.41176,0 2.73529,0.26471 3,0c2.33453,-2.33453 -4.78569,-18.57138 -6,-21c-0.72331,-1.44661 -2,-6.4686 -2,-5
8766-c20bacc6-5be5-4311-8036-1476c4630078	1493330921094	11	2	crow	0	M77,134c0,-2.16467 4.68098,11.31902 1,15c-7.54648,7.54648 -33.02137,17.95727 -23,38c11.76259,23.52518 29.76682,30.38341 55,43c6.05875,3.02937 16.15451,-1.92275 22,1c6.68497,3.34249 30.69381,8.30619 35,4
8766-c20bacc6-5be5-4311-8036-1476c4630078	1493330925063	11	3	crow	0	M132,100c0,0.56011 2.48429,21.96858 4,25c2.25038,4.50076 57.50771,43.75385 66,48c8.803,4.4015 29.95619,6.91237 34,15c1.46737,2.93473 -4.87933,6.75865 -6,9c-9.30796,18.61592 -35.48891,30 -61,30c-6.20352,0 -29,-2.18542 -29,4
8766-c20bacc6-5be5-4311-8036-1476c4630078	1493330927359	11	4	crow	0	M151,214c2.23413,0 5.47833,11.47833 7,13c10.95299,10.95299 8.79463,17.41074 2,31c-2.4325,4.865 -25.71604,14.43208 -23,9
8766-c20bacc6-5be5-4311-8036-1476c4630078	1493330928804	11	5	crow	0	M110,220c23.98805,0 14.15398,36 -10,36c-1.59706,0 -3.62483,2 -5,2c-2.23607,0 1.75965,-4.13948 3,-6
8766-c20bacc6-5be5-4311-8036-1476c4630078	1493330929232	11	6	crow	0	M123,112c-2.18616,13.11697 -8.4462,25.96676 -14,38c-0.58291,1.26298 -11.64061,21.71878 -12,21c-4.27093,-8.54185 26.90802,-37.27595 23,-49c-0.1442,-0.4326 -15.849,16.5037 -17,18c-9.36773,12.17804 -20.93921,24.9696 -35,32
8766-c20bacc6-5be5-4311-8036-1476c4630078	1493330933180	11	7	crow	0	M101,113c8.32232,-24.96697 -6.40469,14.59531 -10,11c-1.05409,-1.05409 1.2604,-2.7057 2,-4c4.92217,-8.6138 8.53256,-17.75348 12,-27c0.48257,-1.28686 1,-4 1,-4c0,0 -0.47295,5.36477 -1,8c-1.85622,9.2811 -5.84782,19.69564 -10,28c-1,2 -3,6 -3,6c0,0 7.47928,-6.34911 8,-7c0.21581,-0.26976 4.16959,-6.83041 5,-6c1.41001,1.41001 -18.01201,64.98799 -14,69c2.4267,2.4267 3.33333,-6 5,-9c5.72395,-10.30311 11.97499,-20.93122 16,-32c0.97328,-2.67653 1.94228,-5.3557 3,-8c0.39148,-0.9787 1.33333,-4 1,-3c-4.21806,12.65418 -5.77267,26.31801 -10,39c-0.56765,1.70294 -2,5 -2,5c0,0 2.03127,-2.64378 3,-4c7.09134,-9.92788 11.77603,-20.62672 18,-31c0.76696,-1.27827 0.50929,-4 2,-4c2,0 0,4 0,6c0,15.44136 -3.27824,33.11294 -7,48c-0.16169,0.64676 -0.4714,1.5286 0,2c0.2357,0.2357 0.72265,0.1849 1,0c8.92972,-5.95315 14.80471,-21.5606 19,-31c1.33333,-3 1.6786,-11.3214 4,-9c0.72899,0.72899 -9.48714,34.36914 -11,38c-1.38081,3.31395 -2.73943,6.63848 -4,10c-0.89136,2.37696 -3,9.53859 -3,7c0,-11.40229 6.01208,-24.04429 9,-35c1.19988,-4.39956 3.34226,-8.39582 4,-13c0.32998,-2.30988 0,-9.33333 0,-7c0,7.67802 -9.54693,50.36327 -3,52c11.52469,2.88117 19.21707,-18.43413 23,-26c0.24503,-0.49007 8.20109,-16.59782 9,-15c3.30182,6.60365 -5.02548,25.97452 0,31c0.2357,0.2357 0.70186,0.14907 1,0c9.08706,-4.54353 12.3014,-19.6507 21,-24c4.01263,-2.00631 3.6713,21.65741 2,25c-0.14907,0.29814 -1.14907,0.29814 -1,0c1.04336,-2.08672 11.05503,-17.94497 12,-17c1.00399,1.00399 -0.66168,20 0,20c1.03725,0 14.23234,-18.46468 13,-16c-1.62778,3.25556 -3.05568,6.75947 -5,10c-0.92355,1.53925 -2,6.79505 -2,5c0,-3.72898 0.81149,-6.43447 2,-10c0.43461,-1.30384 1.97183,-4.97183 1,-4c-6.57443,6.57443 -9.39394,17.39394 -16,24c-4.0884,4.0884 -3.58445,-5.06166 -9,-1c-3.27655,2.45742 -7.81839,9.7272 -13,8c-6.98124,-2.32708 -2.59858,-11.59858 -6,-15c-2.84592,-2.84592 -17.42041,26.57959 -22,22c-4.96611,-4.96611 1.42075,-14.57925 -3,-19c-3.21296,-3.21296 -13.81747,14.18253 -20,8c-5.05443,-5.05443 -1.22985,-15.22985 -6,-20c-1.62185,-1.62185 -6.57591,8.78796 -9,10c-1.90907,0.95454 -3.0474,-12.30173 -5,-11c-6.42789,4.28526 -3.60588,17.30294 -11,21c-2.51916,1.25958 -2,-4.56365 -2,-5c0,-11.53343 3,-22.78591 3,-34c0,-0.74536 0.47295,-2.52705 1,-2c1.50556,1.50556 -7.22328,22.38836 -10,21c-3.71134,-1.85567 0.43149,-12.56851 -2,-15c-0.35951,-0.35951 -9.74197,15.25803 -10,15c-3.59189,-3.59189 3.77944,-18.22056 1,-21c-0.27397,-0.27397 -6.96204,8.07593 -8,6c-1.84276,-3.68552 0.11149,-12 -6,-12c-2.11293,0 -5,8.37795 -5,3c0,-0.70336 -0.57492,-2.78746 1,-2c3.14531,1.57265 1.89006,8 6,8
8766-c20bacc6-5be5-4311-8036-1476c4630078	1493330947034	12	1	robin	0	M182,125c0,-6.44492 -5.7814,-19.5628 -9,-26c-11.79982,-23.59965 -40.78896,-46.42209 -56,-16c-4.2172,8.43441 -4.76172,17.52345 -9,26c-3.13804,6.27608 -8,25.21215 -8,31c0,0.61024 -0.38964,3.61036 0,4c6.44104,6.44104 26.71312,1.90437 36,5c7.85385,2.61795 40.8005,4.1995 46,-1c2.38565,-2.38565 5.88749,-20.11251 1,-25c-0.91208,-0.91208 -8.39314,22.60686 -9,22c-3.33727,-3.33727 1.11824,-18 2,-18
8766-c20bacc6-5be5-4311-8036-1476c4630078	1493330948723	12	2	robin	0	M148,120c-10.96253,0 -27.6474,-4.29481 -21,9c1.88752,3.77504 4.21676,11.21676 7,14c2.95317,2.95317 13,-35.14835 13,-18
8766-c20bacc6-5be5-4311-8036-1476c4630078	1493330951555	12	3	robin	0	M169,130c1.04876,1.04876 2.22412,14 0,14c-1,0 0,-2 0,-3c0,-1.7325 1,-26 1,-26c0,0 -12.12446,25.75107 -13,24c-1.24764,-2.49528 1,-26 1,-26c0,0 0.16169,1.35324 0,2c-1.17709,4.70834 -2.92602,11.85204 -5,16c-0.80277,1.60555 -2,6.79505 -2,5c0,-5.35591 4.59265,-12.3706 6,-18c0.92178,-3.68711 3,-14.80058 3,-11c0,2.87255 -3.49011,6.94064 -4,10c-0.38749,2.32495 -1,9.35702 -1,7c0,-6.07962 8.48228,-26.51772 4,-31c-1.05409,-1.05409 -1.5286,2.58579 -2,4c-0.28873,0.8662 -4.68246,15.31754 -8,12c-1.37146,-1.37146 0,-10.92801 0,-13c0,-2.66667 0,-10.66667 0,-8c0,2.32177 -4.86382,20.13618 -6,19c-2.97809,-2.97809 2,-22.23137 2,-27c0,-0.33333 0.2357,-1.2357 0,-1c-1.56804,1.56804 -9,19 -9,19c0,0 0.55576,-21 -1,-21c-0.51924,0 -8.13147,21.13147 -10,23c-2.21195,2.21195 -2,-14 -2,-14c0,0 -5.09435,24.54718 -8,26c-3.8873,1.94365 -1,-17.34613 -1,-13c0,9.1962 -6.69321,19.77285 -9,29c-0.08754,0.35015 -1,3 -1,3c0,0 1.81799,-16 4,-16c2.28487,0 0.14259,22 2,22c1.54999,0 1.62129,-3.24257 2,-4c2.19359,-4.38717 1,6.30784 1,9c0,2.10819 1.05719,-7.88562 2,-6c0.67863,1.35725 0.57706,5 2,5
8766-c20bacc6-5be5-4311-8036-1476c4630078	1493330955289	12	4	robin	0	M187,131c0,15.4235 11.55262,56.44738 -1,69c-9.57979,9.57979 -18.77484,24.77484 -29,35c-5.32576,5.32576 -16.29647,0.14823 -24,4c-4.80645,2.40322 -25.80105,5.09947 -32,2c-16.12358,-8.06179 -22.56901,-56.86198 -14,-74c2.73141,-5.46281 15,-34.22114 15,-22
8766-c20bacc6-5be5-4311-8036-1476c4630078	1493330956458	12	5	robin	0	M164,227c0,-1.02618 -0.53448,8.86209 0,11c1.64455,6.57821 8.65275,35.97912 0,23
8766-c20bacc6-5be5-4311-8036-1476c4630078	1493330957347	12	6	robin	0	M106,241c4.76783,0 -5.83703,35.83703 -2,32
8766-c20bacc6-5be5-4311-8036-1476c4630078	1493330976198	13	1	doberman	0	M88,125c0,0.82195 -19.04017,-27.95983 -24,-23c-6.28721,6.28721 1,24.25887 1,32c0,1.33333 0,1.33333 0,0
8766-c20bacc6-5be5-4311-8036-1476c4630078	1493330976315	13	2	doberman	0	M66,132
8766-c20bacc6-5be5-4311-8036-1476c4630078	1493330977437	13	3	doberman	0	M99,124c0,-5.70276 3.54042,-29.54042 8,-34c0.41031,-0.41031 15.92168,28.92168 12,25
8766-c20bacc6-5be5-4311-8036-1476c4630078	1493330995355	13	4	doberman	0	M61,131c0,12.79272 -46.91196,18.08804 -31,34c6.16174,6.16174 20.96577,4.03423 27,-2c2.63523,-2.63523 11,-5.72678 11,-2c0,2.18594 -20.10161,27.89839 -16,32c0.18588,0.18588 3.16627,-1.58314 4,-2c0.84327,-0.42164 1.33333,-1.33333 2,-2c0.66667,-0.66667 1.33333,-1.33333 2,-2c0.5,-0.5 1.5,-0.5 2,-1c1.15851,-1.15851 22.9875,-26.025 29,-14c3.33214,6.66429 19.26752,28.46497 14,39c-9.92659,19.85318 -23.14146,37.28293 -32,55c-0.59885,1.19769 -3,8 -3,8c0,0 2.8,0 3,0c5.24821,0 12.26065,-2.52129 15,-8c7.43117,-14.86234 21.3712,-32.7424 29,-48c0.43624,-0.87248 2,-6 2,-6c0,0 -2,6.80099 -2,7c0,9.68394 -20.51121,46.48879 -15,52c2.06887,2.06887 5.62342,-3.49367 6,-5c1.71682,-6.86729 13.79427,-53.79427 17,-57c7.131,-7.131 32.26516,4.73484 39,-2c9.05297,-9.05297 16.12585,-19.12585 24,-27c4.93942,-4.93942 11.62063,22.62063 15,26c7.70768,7.70768 21.01475,17.01475 29,25c9.68632,9.68632 4.99553,33.99553 16,45c1.35645,1.35645 6.66807,-0.66807 7,-1c9.99357,-9.99357 -10.46429,-43.92858 -15,-53c-0.22828,-0.45655 -3,-6 -3,-6c0,0 2.56519,3.13038 3,4c5.97442,11.94883 8.12849,36.06425 20,42c1.02571,0.51285 4.96432,4.03568 7,2c12.4218,-12.4218 -26.87551,-70.87551 -35,-79c-0.4714,-0.4714 -0.4714,-1.5286 0,-2c5.20342,-5.20342 17.62402,-9 26,-9c0.75158,0 1.87223,2.12777 3,1c0.52017,-0.52017 -0.71784,-3.43568 -1,-4c-8.35634,-16.71269 -26.0776,-2.0388 -28,-3c-10.40938,-5.20469 -26.5202,-47.7399 -56,-33c-13.68664,6.84332 -44.7026,13 -59,13c-0.33333,0 -0.7643,0.2357 -1,0c-12.43017,-12.43017 -19.15152,-27.15152 -32,-40c-1.16349,-1.16349 -5,-7 -5,-7c0,0 2,17.41217 2,20
8766-c20bacc6-5be5-4311-8036-1476c4630078	1493330998895	13	5	doberman	0	M218,178c0,1.76209 -3.26921,19.73079 -5,18c-4.61253,-4.61253 3.2673,-39 -4,-39
8766-c20bacc6-5be5-4311-8036-1476c4630078	1493331000475	13	6	doberman	0	M201,173c-6.29506,15.73765 -7.30782,-20.30782 -11,-24c-2.0426,-2.0426 -4.99431,15.99431 -7,18c-4.08915,4.08915 -9.89382,-20 -12,-20c-1.66667,0 0.274,3.35601 0,5c-0.72949,4.37696 -1.46474,17.73237 -6,20c-4.84436,2.42218 -10.25011,-13.74989 -11,-13c-5.28122,5.28122 0.61025,22.38975 -5,28c-5.50203,5.50203 -7,-27 -7,-27c0,0 -0.91485,4.57423 -1,5c-1.15345,5.76725 -1.38405,27.19203 -7,30c-6.96891,3.48446 -6.56993,-28.98948 -7,-32c-0.24037,-1.68259 -1,-5 -1,-5c0,0 -1.32231,28.32231 -3,30c-1.72312,1.72312 -2,-26 -2,-26c0,0 -1,5.8185 -1,6c0,13.36112 -9,60.2202 -9,23
8766-c20bacc6-5be5-4311-8036-1476c4630078	1493331000642	13	7	doberman	0	M110,192c0,4.35644 -3,9.44735 -3,12
8766-c20bacc6-5be5-4311-8036-1476c4630078	1493331000828	13	8	doberman	0	M105,218c-0.74536,0.74536 -1.94591,1 -3,1
8766-c20bacc6-5be5-4311-8036-1476c4630078	1493331001903	13	9	doberman	0	M92,153c-0.97183,-0.97183 -0.66667,-2.66667 -1,-4c-3.11047,-12.44187 -2.47336,13.73668 -5,15c-4.01705,2.00853 -2.7691,-21 -5,-21c-0.04531,0 0.77682,15.61159 -2,17c-2.24939,1.12469 -2.56485,-12.78242 -5,-14c-1.63736,-0.81868 -13.41916,9 -4,9
8766-c20bacc6-5be5-4311-8036-1476c4630078	1493331002873	13	10	doberman	0	M212,198c0.28579,1.42895 0.65855,7.65855 2,9c2.28265,2.28265 3.63077,-8.73846 6,-4c1.45439,2.90877 5,10.94377 5,14
8766-c20bacc6-5be5-4311-8036-1476c4630078	1493331003787	13	11	doberman	0	M247,214c0.53977,3.23865 1.47782,15.47782 4,18c0.21863,0.21863 3.36137,-4.55453 5,2c2.007,8.028 3.53453,17.53453 9,23
8766-c20bacc6-5be5-4311-8036-1476c4630078	1493331021538	14	1	hatchback	0	M214,185c-21.23521,21.23521 14.28714,44.71286 34,25c17.23895,-17.23895 -17.59002,-36.40998 -32,-22
8766-c20bacc6-5be5-4311-8036-1476c4630078	1493331023419	14	2	hatchback	0	M49,187c0,-4.59746 -4.84445,1.26668 -6,3c-7.0056,10.50839 -5.80867,23.46089 4,30c2.57569,1.71713 8.6635,4.11217 12,3c41.11986,-13.70662 23.36446,-66.36446 -2,-41
8766-c20bacc6-5be5-4311-8036-1476c4630078	1493331024894	14	3	hatchback	0	M84,201c17.39782,0 40.62674,1.45775 57,-4c8.7555,-2.9185 14.72595,-7 25,-7c10.92166,0 44.63536,7 40,7
8766-c20bacc6-5be5-4311-8036-1476c4630078	1493331028745	14	4	hatchback	0	M244,182c8.3948,0 -1.61359,-24.22718 -3,-27c-6.20402,-12.40805 -20.27114,-5.13557 -30,-10c-7.738,-3.869 -11.11098,-13.55549 -20,-18c-7.34854,-3.67427 -10.1354,-15.37847 -18,-18c-14.9758,-4.99193 -74.97341,-30.0133 -93,-21c-8.81889,4.40944 -21.62547,4.62547 -29,12c-18.0758,18.0758 -27.55809,65.44191 -8,85
8766-c20bacc6-5be5-4311-8036-1476c4630078	1493331033505	14	5	hatchback	0	M184,147c0,-26.90898 -95.50411,-55.49589 -123,-28c-4.46626,4.46626 13.8664,15.4332 17,17c22.35763,11.17881 43.31891,18 72,18c10.03844,0 35.34103,-6.34103 33,-4
8766-c20bacc6-5be5-4311-8036-1476c4630078	1493331034348	14	6	hatchback	0	M120,113
8766-c20bacc6-5be5-4311-8036-1476c4630078	1493331034418	14	7	hatchback	0	M120,113c0.66667,-0.66667 1.33333,-1.33333 2,-2
8766-c20bacc6-5be5-4311-8036-1476c4630078	1493331035709	14	8	hatchback	0	M122,112c0,18.46141 3,37.27664 3,55c0,7.16 0.35097,30.64903 2,29
8766-c20bacc6-5be5-4311-8036-1476c4630078	1493331036938	14	9	hatchback	0	M138,164c0.4489,0 6,1 6,1c0,0 -18.57006,0 -4,0c2.55895,0 -3.48301,-0.2585 -4,0c-5.91781,2.9589 3.4248,3 5,3
8766-c20bacc6-5be5-4311-8036-1476c4630078	1493331038345	14	10	hatchback	0	M71,152c-6.1887,0 -1.95814,0 2,0c0.74536,0 -2,-1.74536 -2,-1c0,1.01286 2.23222,2 3,2
8766-c20bacc6-5be5-4311-8036-1476c4630078	1493331040756	14	11	hatchback	0	M45,109c2.23737,0 2.21067,13.21067 4,15c0.70454,0.70454 11.51852,10.48148 8,14c-2.94012,2.94012 -29.2507,3 -26,3
8766-c20bacc6-5be5-4311-8036-1476c4630078	1493331042589	14	12	hatchback	0	M32,166c5.78296,0 0.49812,-15.49812 -2,-13c-1.79642,1.79642 -0.92544,7.14912 0,9c5.92152,11.84304 9.68431,-10.68431 4,-5c-0.89679,0.89679 -0.04657,4 1,4
8766-c20bacc6-5be5-4311-8036-1476c4630078	1493331044160	14	13	hatchback	0	M234,167c11.7281,0 -8,-24.52996 -8,-10c0,4.82578 2.54011,8.54011 6,12
8766-c20bacc6-5be5-4311-8036-1476c4630078	1493331063199	15	1	weimaraner	0	M57,124c1.72523,0 1,-2.5045 1,-4c0,-9.6922 18.10816,-24.94592 30,-19c14.60223,7.30112 17.50984,24.25492 29,30c8.71675,4.35837 19.46409,3.61602 29,6c17.52959,4.3824 38.25751,3 57,3c1.62444,0 27,-2.87155 27,0c0,0.39259 -2.71422,1.85711 -3,2c-4.89855,2.44927 -31.74179,2.51641 -27,12c2.7402,5.48039 33.50701,52.49299 27,59c-2.55111,2.55111 -5.53807,4.26904 -9,6c-20.3277,10.16385 -7.75393,-21.2618 -11,-31c-0.98408,-2.95224 -12.48069,-26.51931 -13,-26c-1.17094,1.17094 1.73212,3.19636 2,4c2.80582,8.41746 4.14359,16.43078 7,25c3.50434,10.51302 -7.86758,39.13242 -17,30c-12.10033,-12.10033 2.90394,-44.09606 -9,-56c-4.36195,-4.36195 -34.9963,-2 -42,-2c-3.99797,0 -21.19549,-3.80451 -23,-2c-6.59019,6.59019 8.16927,55.91537 -16,68c-4.39744,2.19872 -7.13877,-2.55507 -8,-6c-4.85421,-19.41686 -2.28762,-25.13715 4,-44c0.55559,-1.66677 1.5286,-3.1144 2,-5c0.56205,-2.24818 2,-4.65309 2,-7c0,-2.42987 2,-4.35412 2,-7c0,-0.52764 1,-10 1,-10c0,0 -2,6.52683 -2,7c0,10.13645 -10.36593,58.81703 -22,53c-27.47743,-13.73871 16.48647,-61.51353 10,-68c-0.501,-0.501 -2.34442,-1.34442 -3,-2c-3.88465,-3.88465 -34.83723,-2.83723 -37,-5c-4.34102,-4.34102 5.12688,-9 7,-9c4.66693,0 3.81834,4 8,4
8766-c20bacc6-5be5-4311-8036-1476c4630078	1493331063583	15	2	weimaraner	0	M99,102c-1.88562,0.94281 -3.89181,2 -6,2
8766-c20bacc6-5be5-4311-8036-1476c4630078	1493331064319	15	3	weimaraner	0	M90,105c0,-3.67717 -2.68931,5.37862 -3,6c-3.86693,7.73385 2.51204,15.51204 7,20c12.54605,12.54605 9,-23.60601 9,-19
8766-c20bacc6-5be5-4311-8036-1476c4630078	1493331086533	16	1	chihuahua	0	M89,85c16.85962,0 32.24115,-18 33,-18c3.36483,0 -3.80189,18.60377 -4,19c-5.10953,10.21906 -15.0982,18.80361 -9,31c10.43144,20.86288 64.45896,30.22948 84,40c11.26852,5.63426 17.48888,-23.97775 20,-29c0.58007,-1.16015 2.44667,-10.55333 3,-10c6.42885,6.42885 3.67595,31.97215 1,40c-1.15477,3.46432 -6.69187,5.38373 -8,8c-1.80291,3.60583 0,12.87907 0,17c0,13.99851 26.72972,33.27028 10,50c-18.05184,18.05184 -19.45066,-24.35198 -23,-35c-1.07233,-3.21699 -4,-8.86281 -4,-12c0,-0.46586 -2.02975,-5 -2,-5c1.08746,0 2,5.42741 2,6c0,6.94543 13.93777,62.46888 -7,52c-16.79695,-8.39848 -4.73453,-55.73453 -14,-65c-6.91474,-6.91474 -25.91662,-8.95831 -36,-14c-3.65057,-1.82528 -26.02456,-10.97544 -28,-9c-12.89595,12.89595 9.86037,49.13963 -2,61c-2.22375,2.22375 -4.41115,7.29443 -9,5c-9.4173,-4.70865 0,-52.92771 0,-61c0,-0.66386 0,-8 0,-8c0,0 -0.88389,6.76778 -1,7c-3.33683,6.67366 -3.62707,61.68646 -19,54c-17.14291,-8.57146 10.92461,-76.22618 9,-82c-7.76895,-23.30685 -17.14205,-17.2841 -24,-31c-2.98098,-5.96196 -6.23883,-16.23883 -10,-20c-0.274,-0.274 -1.14055,-8.85945 -1,-9c0.8716,-0.8716 2.58979,1.58979 3,2c5.80276,5.80276 8.06997,11.53499 15,15c0.66667,0.33333 1.47295,0.47295 2,1c0.2357,0.2357 -0.2357,0.7643 0,1c6.03819,6.03819 25,-14.30394 25,4
8766-c20bacc6-5be5-4311-8036-1476c4630078	1493331086789	16	2	chihuahua	0	M52,104c0.33333,-0.33333 0.66667,-0.66667 1,-1
8766-c20bacc6-5be5-4311-8036-1476c4630078	1493331088109	16	3	chihuahua	0	M62,93c-10.70053,0 -4.04829,12.95171 -1,16c5.09535,5.09535 14,0.2337 14,4
8766-c20bacc6-5be5-4311-8036-1476c4630078	1493331100444	17	1	brown	0	M224,172c0,-18.08624 -29.86114,27.62777 -13,31c22.91985,4.58397 39.47173,-39 6,-39
8766-c20bacc6-5be5-4311-8036-1476c4630078	1493331101580	17	2	brown	0	M92,164c4.85665,-29.13992 -46.34229,23.82885 -14,40c23.08222,11.54111 36.09094,-34 9,-34
8766-c20bacc6-5be5-4311-8036-1476c4630078	1493331102359	17	3	brown	0	M102,193c0,0.41098 25.42862,-3.91428 30,-3c26.21684,5.24337 51.50446,3 78,3
8766-c20bacc6-5be5-4311-8036-1476c4630078	1493331104225	17	4	brown	0	M231,167c4.28129,0 -1.1257,-22.0419 -7,-24c-14.09532,-4.69844 -44.97786,0.01107 -45,0c-26.53834,-13.26917 -41.90923,-63.03026 -78,-51c-14.29007,4.76336 -44.49452,12.98904 -52,28c-8.97801,17.95603 -2.48269,53 21,53
8766-c20bacc6-5be5-4311-8036-1476c4630078	1493331118345	18	1	squat	0	M200,244c0,-6.90391 1.75085,-38.24915 -2,-42c-4.06382,-4.06382 -103.61564,-4.61564 -106,-7c-1.79634,-1.79634 -3.20366,-7.20366 -5,-9c-6.88356,-6.88356 9.28093,-23.56186 11,-27c5.65718,-11.31436 60.43356,-27.28322 75,-20c16.51213,8.25606 21.8925,10.78499 30,27c7.00364,14.00728 -8,29.66808 -8,40
8766-c20bacc6-5be5-4311-8036-1476c4630078	1493331120564	18	2	squat	0	M83,174c-0.68561,-0.68561 -1,16.09077 -1,20c0,17.81231 -2,33.36445 -2,51c0,0.50576 0,8 0,8c0,0 0.25904,-19.96385 0,-21c-6.1465,-24.58601 -4,-53.09235 -4,-79c0,-6.48575 1,-37.7864 1,-31
8766-c20bacc6-5be5-4311-8036-1476c4630078	1493331122350	18	3	squat	0	M198,248c1.91803,7.6721 2,13.30555 2,2c0,-31.94707 -1,-64.11247 -1,-95c0,-7.24624 -1,-39.04643 -1,-28
8766-c20bacc6-5be5-4311-8036-1476c4630078	1493331123798	18	4	squat	0	M106,200c0.40365,-0.80729 1,20.14703 1,27
8766-c20bacc6-5be5-4311-8036-1476c4630078	1493331125051	18	5	squat	0	M104,150c0,-10.42189 -1,-20.24489 -1,-31c0,-1.53821 -1,-13.95612 -1,-7
8766-c20bacc6-5be5-4311-8036-1476c4630078	1493331127878	18	6	squat	0	M102,137c7.36904,-7.36904 -1.56913,-47.43087 13,-62c5.20609,-5.20609 12.55078,-12.27539 20,-16c9.94984,-4.97492 65.3288,-8.3424 70,1c6.37739,12.75478 -8,82.11982 -8,99
8766-c20bacc6-5be5-4311-8036-1476c4630078	1493331129329	18	7	squat	0	M196,120c2.52457,-2.52457 -1.56182,5.68547 -2,7c-1.33863,4.01589 -20.93666,24.06334 -20,25c0.30647,0.30647 2.59468,-1.72978 3,-2c8.41285,-5.60857 9.81809,-22 20,-22
8766-c20bacc6-5be5-4311-8036-1476c4630078	1493331130619	18	8	squat	0	M102,102c0,2.72633 -32.12606,24.12606 -34,26c-0.2357,0.2357 -0.66667,0 -1,0c-1.44039,0 -3.343,2 -1,2
8766-c20bacc6-5be5-4311-8036-1476c4630078	1493331132310	18	9	squat	0	M187,69c0,-1.42135 0,6.09259 0,8c0,11.00258 2,21.82069 2,33c0,1.33333 0,1.33333 0,0
8766-c20bacc6-5be5-4311-8036-1476c4630078	1493331132999	18	10	squat	0	M169,71c0,-2.67031 0.42829,5.85856 0,8c-1.43004,7.15021 -0.5536,41.33919 -3,34
8766-c20bacc6-5be5-4311-8036-1476c4630078	1493331133534	18	11	squat	0	M153,67c-4.8552,9.71041 -5,22.10497 -5,33c0,4.38994 -2,8.54054 -2,13c0,0.66667 0,2.66667 0,2
8766-c20bacc6-5be5-4311-8036-1476c4630078	1493331134033	18	12	squat	0	M133,65c-0.72445,0.72445 -9,62.1711 -9,46
8766-c20bacc6-5be5-4311-8036-1476c4630078	1493331134469	18	13	squat	0	M118,76c-5.61833,0 -5,27.57439 -5,33
8766-c20bacc6-5be5-4311-8036-1476c4630078	1493331135017	18	14	squat	0	M142,65c-1.9818,0 -1,4.47981 -1,6c0,14.48437 -7,28.61614 -7,43
8766-c20bacc6-5be5-4311-8036-1476c4630078	1493331135578	18	15	squat	0	M163,61c-3.24562,11.35968 -6,23.10494 -6,35c0,5 0,20 0,15
8766-c20bacc6-5be5-4311-8036-1476c4630078	1493331136178	18	16	squat	0	M172,65c0,7.8824 -0.0892,35.82161 4,44c0.61785,1.2357 0.96548,1 2,1
8766-c20bacc6-5be5-4311-8036-1476c4630078	1493331147060	19	1	straight	0	M59,47c0,27.03294 1,54.31677 1,81c0,8.57097 1,16.58268 1,25c0,3.23255 0,13.25567 0,13
8766-c20bacc6-5be5-4311-8036-1476c4630078	1493331148500	19	2	straight	0	M118,48c-0.74536,0 -0.7643,1.29289 -1,2c-4.37015,13.11046 -2,29.99784 -2,44c0,38.15001 2,75.88019 2,114c0,4.88161 3.69486,34.30514 0,38c-0.60968,0.60968 -1,-14.73508 -1,-16
8766-c20bacc6-5be5-4311-8036-1476c4630078	1493331149574	19	3	straight	0	M117,97c-0.66667,0 -1.5286,0.4714 -2,0c-12.84158,-12.84158 -33.84936,-15.61645 -50,-21c-0.7458,-0.2486 -7,-3 -7,-3c0,0 2.56605,2.56605 3,3
8766-c20bacc6-5be5-4311-8036-1476c4630078	1493331150296	19	4	straight	0	M117,125c-16.15375,-9.69225 -31.58376,-27.39594 -50,-32c-2.9769,-0.74423 -6.65122,-2.65122 -4,0c0.66667,0.66667 1.33333,1.33333 2,2
8766-c20bacc6-5be5-4311-8036-1476c4630078	1493331151031	19	5	straight	0	M115,144c-5.15036,-4.12029 -60.01624,-47.03249 -54,-35
8766-c20bacc6-5be5-4311-8036-1476c4630078	1493331152550	19	6	straight	0	M62,153c-4.11172,4.11172 -1,71.46055 -1,83
8766-c20bacc6-5be5-4311-8036-1476c4630078	1493331153560	19	7	straight	0	M53,198c14.07689,0 30.99347,9.49673 42,15c2.62443,1.31221 9.9235,5.9235 11,7c1.58114,1.58114 6,5.23607 6,3c0,-1.25245 -2,-1.91912 -2,-4
8766-c20bacc6-5be5-4311-8036-1476c4630078	1493331154311	19	8	straight	0	M51,165c22.04416,0 45.88957,23.94478 62,32c1.33374,0.66687 4,2.60449 4,4
8766-c20bacc6-5be5-4311-8036-1476c4630078	1493331155545	19	9	straight	0	M118,216c9.54608,0 26.53484,-2.76742 35,-7c2.13258,-1.06629 16.93049,0 13,0
8766-c20bacc6-5be5-4311-8036-1476c4630078	1493331156220	19	10	straight	0	M120,190c12.44439,0 24.815,-3 38,-3
8766-c20bacc6-5be5-4311-8036-1476c4630078	1493331157130	19	11	straight	0	M160,147c-6.45948,19.37844 10,57.65663 10,82c0,4.86906 -0.34787,7.30425 -3,2
8766-c20bacc6-5be5-4311-8036-1476c4630078	1493331159015	19	12	straight	0	M152,162c1.86023,0 -5.49886,0 -7,0c-1.96413,0 -16.74967,1.74967 -18,3c-11.62464,11.62464 -18.22749,-7.291 -35,-14c-6.32239,-2.52896 -11.38963,-6.19481 -17,-9c-1.13307,-0.56653 -8.99781,0 -7,0
8766-c20bacc6-5be5-4311-8036-1476c4630078	1493331160375	19	13	straight	0	M156,155c-5.55245,-4.16434 -12.98454,-7.98454 -17,-12c-3.13633,-3.13633 -19.00475,2.66508 -24,1c-7.69847,-2.56616 -14.67422,-5 -23,-5c-8.85639,0 -17.22552,-3 -25,-3c-2.61505,0 -11.3374,2 -7,2
8766-c20bacc6-5be5-4311-8036-1476c4630078	1493331172035	20	1	bluejay	0	M181,113c0,-30.0683 -46.98034,-52.03932 -62,-22c-4.21549,8.43097 -3,30.47775 -3,40c0,2.36036 -0.54955,3 2,3
8766-c20bacc6-5be5-4311-8036-1476c4630078	1493331173150	20	2	bluejay	0	M179,107c4.94467,0 16.65266,-11.34734 21,-7c0.4714,0.4714 0.29814,1.40372 0,2c-3.58909,7.17818 -16,20.09298 -16,27
8766-c20bacc6-5be5-4311-8036-1476c4630078	1493331175540	20	3	bluejay	0	M182,107c-1.80474,0 -1,7.08434 -1,9c0,11.02045 4.34546,24.30907 -1,35c-9.24208,18.48416 -43.26104,68.86948 -71,55c-15.18635,-7.59318 -32.38629,-30.84112 -26,-50c4.42324,-13.26972 21.03948,-26 35,-26c1.33333,0 2,-0.56667 2,1
8766-c20bacc6-5be5-4311-8036-1476c4630078	1493331177024	20	4	bluejay	0	M105,175c0,-2.16987 -2.19834,1.19834 -3,2c-2.71416,2.71416 -8.30981,4.26196 -12,5c-6.39814,1.27963 -24.58819,4.58819 -29,9c-0.77582,0.77582 5.04715,1.52358 6,2c3.64487,1.82243 7.43738,5.79672 10,9c6.67121,8.33901 12.66103,21.66103 19,28c1.15754,1.15754 3.79955,-8.99774 4,-10c1.88212,-9.41061 4.80192,-39.19808 14,-30
8766-c20bacc6-5be5-4311-8036-1476c4630078	1493331178226	20	5	bluejay	0	M159,188c-1.58418,-1.58418 13.86813,36.93406 8,34
8766-c20bacc6-5be5-4311-8036-1476c4630078	1493331179061	20	6	bluejay	0	M128,199c1.8597,0 -3.09889,7.19777 -4,9c-3.59259,7.18518 -10,16.68238 -10,25
8766-c20bacc6-5be5-4311-8036-1476c4630078	1493331192225	21	1	waiting	0	M249,126c0,-51.68685 -80.64779,-64.70441 -106,-14c-12.66361,25.32722 35.88147,39.88147 44,48c4.78321,4.78321 3.62166,14.62166 8,19c1.82943,1.82943 19.0232,8.9768 23,5c10.66598,-10.66598 16.86706,-57 30,-57
8766-c20bacc6-5be5-4311-8036-1476c4630078	1493331193445	21	2	waiting	0	M249,124c0,3.55812 6.85363,68.56089 8,72c2.6879,8.06371 2,18.05015 2,27c0,2.34488 -1,13.40783 -1,8
8766-c20bacc6-5be5-4311-8036-1476c4630078	1493331196511	21	3	waiting	0	M250,171c-16.40152,0 -83.41027,29.29487 -90,26c-9.10384,-4.55192 -26.06489,-25.53244 -41,-33c-0.17009,-0.08504 -4,-2 -4,-2c0,0 3.16992,-2.44661 4,-3c9.43833,-6.29222 20.24001,-15 30,-15c0.66667,0 1.40372,0.29814 2,0c0.42164,-0.21082 0.57836,-0.78918 1,-1c1.38829,-0.69415 6,-0.25428 6,1
8766-c20bacc6-5be5-4311-8036-1476c4630078	1493331198502	21	4	waiting	0	M167,194c0.71549,0 -0.25111,-3.50222 -1,-5c-2.77354,-5.54708 -3,-13.31106 -3,-20c0,-7.03006 1.25155,-24.74845 -3,-29c-4.7392,-4.7392 -47.75904,-14.24096 -54,-8c-5.53741,5.53741 2.51333,61.56664 4,69c1.15064,5.75318 -0.60228,33.60228 1,32
8766-c20bacc6-5be5-4311-8036-1476c4630078	1493331199556	21	5	waiting	0	M161,186c0,19.43441 3,41.88429 3,61
8766-c20bacc6-5be5-4311-8036-1476c4630078	1493331199951	21	6	waiting	0	M210,184c0,-1.38006 0.89712,33 2,33
8766-c20bacc6-5be5-4311-8036-1476c4630078	1493331212276	22	1	tomtit	0	M63,102c-15.56956,-5.18985 8.15246,-42.61585 40,-32c22.8603,7.6201 33.52568,55.11541 60,71c12.6956,7.61736 27.52104,14.50701 41,19c0.2776,0.09253 7,0 7,0c0,0 -22.40066,4.13355 -25,5c-19.47051,6.49017 -45.20808,4.89596 -63,-4c-21.91667,-10.95833 -25.62555,-35.62555 -39,-49c-4.15351,-4.15351 -28.83006,-3.58497 -34,-1c-2.98142,1.49071 -10,3.33333 -10,0c0,-5.37281 22,-17.55449 22,-11
8766-c20bacc6-5be5-4311-8036-1476c4630078	1493331213062	22	2	tomtit	0	M126,160c0,-1.56667 -0.66667,-1 -2,-1c-6.99972,0 -18.13012,29.26024 -17,27
8766-c20bacc6-5be5-4311-8036-1476c4630078	1493331213519	22	3	tomtit	0	M147,170c4.13869,0 4.04323,19 10,19
8766-c20bacc6-5be5-4311-8036-1476c4630078	1493331231265	23	1	redantique	0	M78,174c0,-1.13315 3.33202,-2.66798 3,-3c-0.79337,-0.79337 -6.23197,3.48798 -7,4c-21.73665,14.4911 -6.39036,46.34759 19,40c43.33338,-10.83335 -5,-57.83847 -5,-39
8766-c20bacc6-5be5-4311-8036-1476c4630078	1493331232842	23	2	redantique	0	M249,171c-9.75762,9.75762 -23.38363,42.87212 -5,49c15.22051,5.0735 29.90807,-32.09193 20,-42c-7.39575,-7.39575 -16.9506,7 -25,7
8766-c20bacc6-5be5-4311-8036-1476c4630078	1493331236900	23	3	redantique	0	M274,182c2.09675,0 -6.48002,-21.24001 -12,-24c-13.88738,-6.94369 -32.59854,-9.40146 -45,3c-9.48861,9.48861 -6.97618,26.98809 -21,34c-11.90683,5.95342 -21.09192,4.77298 -34,8c-8.74794,2.18698 -21.06146,3.97951 -30,1c-4.81265,-1.60422 -21.48295,3.51705 -25,0c-9.35173,-9.35173 -5.58185,-38.79093 -22,-47c-22.12551,-11.06275 -36.59412,26 -40,26
8766-c20bacc6-5be5-4311-8036-1476c4630078	1493331238140	23	4	redantique	0	M40,176c-1.89307,3.78615 1.17287,3 4,3c18.29515,0 31.76337,-35.09465 12,-43c-6.32163,-2.52865 -17.38428,0.19214 -23,3c-44.65005,22.32503 -4.63445,69.45168 21,31
8766-c20bacc6-5be5-4311-8036-1476c4630078	1493331241070	23	5	redantique	0	M62,152c14.19696,-14.19696 0.20461,-57.20461 9,-66c0.49898,-0.49898 4.21699,0 5,0c14.44845,0 29.86656,4.32384 45,0c14.50768,-4.14505 31.61326,-13 46,-13c1.4968,0 1.98034,-2.03932 3,0c4.70788,9.41577 2.4663,22.86521 5,33c1.23703,4.94812 1.76447,10.0579 3,15c0.38221,1.52882 4.48917,7.51083 4,8c-8.17013,8.17013 -35.2654,8.46649 -46,10c-16.39142,2.34163 -33.85183,4 -50,4c-6.4467,0 -11.82135,1 -18,1c-1.36006,0 -9.23598,1 -6,1
8766-c20bacc6-5be5-4311-8036-1476c4630078	1493331243120	23	6	redantique	0	M181,124c14.85004,0 69.2692,8.2692 77,16c3.56133,3.56133 11.98407,15.96815 15,22c2.29139,4.58278 0,16.2309 0,16
8766-c20bacc6-5be5-4311-8036-1476c4630078	1493331261861	24	1	leather	0	M160,226c0,-15.34848 -10.64956,-119.70087 -8,-125c2.57515,-5.1503 36.32166,-16.77389 43,-19c10.16892,-3.38964 29.9905,-4.9905 37,-12c0.1,-0.1 2.9,-0.1 3,0c4.16101,4.16101 -1.26537,18.73463 3,23c2.64762,2.64762 1.9362,11.9362 5,15c22.28786,22.28786 -57.2202,39.2202 -68,50c-3.91598,3.91598 -23,4.30965 -23,9
8766-c20bacc6-5be5-4311-8036-1476c4630078	1493331263461	24	2	leather	0	M245,113c1.04296,0 2,6.51455 2,8c0,17.57043 0.7362,57.47239 8,72c3.77008,7.54016 -2,28.46412 -2,27
8766-c20bacc6-5be5-4311-8036-1476c4630078	1493331265486	24	3	leather	0	M236,92c-14.28934,14.28934 -47.29263,11.29263 -62,26c-2.95249,2.95249 -27.07373,7 -23,7
8766-c20bacc6-5be5-4311-8036-1476c4630078	1493331271626	24	4	leather	0	M155,171c3.80929,0 -17.2882,-8.6441 -22,-11c-13.5619,-6.78095 -38.14218,-19 -53,-19c-0.75158,0 -1.87223,-2.12777 -3,-1c-2.27206,2.27206 1,62.83717 1,72c0,0.37513 0,9 0,9c0,0 0,-24.19866 0,-27c0,-27.65058 -1,-55.7155 -1,-83c0,-1.4433 -0.96413,-9.03587 0,-10c1.18408,-1.18408 4.17163,1.58582 5,2c16.93003,8.46502 47.79283,23 64,23c0.96051,0 3.83151,2.16849 5,1c0.74242,-0.74242 0,-7.06062 0,-8c0,-1.84545 -0.4126,-8.2063 -2,-9c-5.80638,-2.90319 -14.45881,-0.22941 -20,-3c-12.40454,-6.20227 -57,-28.7574 -57,-5
8766-c20bacc6-5be5-4311-8036-1476c4630078	1493331275000	24	5	leather	0	M234,84c0,-9.45412 -81,-79.92776 -81,-36c0,0.97603 5.21317,2.73772 6,3c10.93494,3.64498 55,19.83078 55,28
8766-c20bacc6-5be5-4311-8036-1476c4630078	1493331276470	24	6	leather	0	M162,44c8.87918,-2.95973 3,36.61865 3,45
8766-c20bacc6-5be5-4311-8036-1476c4630078	1493331289056	25	1	white	0	M184,183c0,-7.85667 -18.35134,4.29731 -13,15c4.54262,9.08524 26.34724,17.30553 33,4c15.31919,-30.63838 -35,-44.83695 -35,-15
8766-c20bacc6-5be5-4311-8036-1476c4630078	1493331291247	25	2	white	0	M191,192c2.63857,0 2,-32.26057 2,-15
8766-c20bacc6-5be5-4311-8036-1476c4630078	1493331291861	25	3	white	0	M189,185c-3.98391,0 -21.85562,0 -16,0
8766-c20bacc6-5be5-4311-8036-1476c4630078	1493331292516	25	4	white	0	M190,188c3.16511,0 6,19.49143 6,19
8766-c20bacc6-5be5-4311-8036-1476c4630078	1493331294527	25	5	white	0	M59,135c2.53859,0 -5.20495,1.20495 -7,3c-3.98011,3.98011 -8.83138,20.33723 -6,26c4.43785,8.8757 16.41839,20.2908 29,14c19.54086,-9.77043 30.77071,-38.7431 3,-48c-5.48144,-1.82715 -13.66687,3 -20,3
8766-c20bacc6-5be5-4311-8036-1476c4630078	1493331295546	25	6	white	0	M67,153c0,-8.85307 15,-15.32275 15,-22
8766-c20bacc6-5be5-4311-8036-1476c4630078	1493331296296	25	7	white	0	M67,150c3.4502,0 13.99859,31.99718 11,26
8766-c20bacc6-5be5-4311-8036-1476c4630078	1493331297166	25	8	white	0	M70,151c-6.84804,0 -12.08965,3 -19,3c-1.35264,0 -10.31517,2 -6,2
8766-c20bacc6-5be5-4311-8036-1476c4630078	1493331300074	25	9	white	0	M177,185c-10.99591,0 -48.72527,-22.36263 -60,-28c-5.70431,-2.85216 -13.90528,-4 -21,-4c-3.07318,0 -9,-5.07318 -9,-2c0,2.15608 4.28764,2 5,2
8766-c20bacc6-5be5-4311-8036-1476c4630078	1493331304783	25	10	white	0	M206,195c16.39311,0 53.39567,-16.60433 31,-39c-8.59718,-8.59718 -23.16772,-11.16772 -33,-21c-10.17308,-10.17308 -6.67661,-28.67661 -20,-42c-9.18887,-9.18887 -24.42871,-11.71435 -35,-17c-25.732,-12.866 -57.02388,-3.48806 -80,8c-10.30284,5.15142 -30.83302,48 -16,48
8766-c20bacc6-5be5-4311-8036-1476c4630078	1493331307557	25	11	white	0	M209,143c0,1.74904 -4.7825,6.7825 -6,8c-16.80045,16.80045 -49.4691,-3.4691 -63,-17c-15.88049,-15.88049 6.94931,-41.10139 0,-55c-0.54551,-1.09102 -0.96358,-2 -2,-2
8766-c20bacc6-5be5-4311-8036-1476c4630078	1493331320583	26	1	basset	0	M86,98c0,-8.55392 -24.24867,14.50265 -16,31c2.67444,5.34889 18.08169,10.91831 23,6c2.01611,-2.01611 8,-19.98449 8,-13
8766-c20bacc6-5be5-4311-8036-1476c4630078	1493331322686	26	2	basset	0	M133,107c7.70039,0 7.63781,27.36219 25,10c2.82197,-2.82197 4.35744,-5.71489 6,-9c11.00512,-22.01024 -33,-37.17126 -33,-21
8766-c20bacc6-5be5-4311-8036-1476c4630078	1493331324181	26	3	basset	0	M137,109c1.56667,0 1,0.66667 1,2c0,8.6685 -14,23.76817 -14,19
8766-c20bacc6-5be5-4311-8036-1476c4630078	1493331325237	26	4	basset	0	M131,83c-4.51458,-1.80583 -20.50083,-10.24959 -25,-8c-9.40581,4.7029 -32.5764,13.4236 -20,26
8766-c20bacc6-5be5-4311-8036-1476c4630078	1493331331523	26	5	basset	0	M105,123c0,-0.99415 2,6.24807 2,7c0,1.46396 5.52206,15.52206 7,17c9.03299,9.03299 28,35.07937 28,47c0,1.18674 1.82456,4.17544 1,5c-6.52313,6.52313 -19.21727,24.6518 -23,36c-2.47326,7.41979 3.30523,26.69477 12,18c12.66348,-12.66348 15.06172,-31.06172 23,-39c0.41659,-0.41659 2,-6 2,-6c0,0 -0.23166,6.53667 0,7c3.36809,6.73619 5.51021,46.24489 22,38c6.48219,-3.24109 0.95558,-38.08885 -2,-44c-1.20409,-2.40819 -5.31264,-2.31264 -7,-4c-0.04479,-0.04479 -5,-2 -5,-2c0,0 4.67568,-0.16216 5,0c9.3334,4.6667 18.59682,1.40318 26,-6c0.95996,-0.95996 6.22225,-5.77775 6,-6c-3.91462,-3.91462 -27.25746,5.74254 -38,-5c-8.74783,-8.74783 -14.87588,-32.62764 -19,-45c-1.80286,-5.40859 -17.74521,-19.74521 -13,-15
8766-c20bacc6-5be5-4311-8036-1476c4630078	1493331332667	26	6	basset	0	M100,122c0,7.2956 -17.20294,51.89853 -9,56c8.77653,4.38826 15,-37.279 15,-37
8766-c20bacc6-5be5-4311-8036-1476c4630078	1493331333282	26	7	basset	0	M119,152c-4.6665,4.6665 -9.04512,33.95488 -4,39c2.1671,2.1671 4.58441,-4.16881 5,-5c1.44203,-2.88407 5.20786,-23 6,-23
8766-c20bacc6-5be5-4311-8036-1476c4630078	1493331345688	27	1	sling	0	M166,92c1.86941,0 -5.58071,-1.71614 -7,-2c-6.4375,-1.2875 -13.56489,0.28702 -20,-1c-18.14174,-3.62835 -41.92933,-3.46466 -57,-11c-0.31565,-0.15782 -3.78369,-0.21631 -4,0c-3.67141,3.67141 0,30.4758 0,36c0,29.40566 11,56.73175 11,86c0,6.68484 -2.62126,31.37874 2,36c1.43109,1.43109 5.57882,-6.36823 6,-7
8766-c20bacc6-5be5-4311-8036-1476c4630078	1493331346747	27	2	sling	0	M161,100c0.23091,-0.46182 2,-6 2,-6c0,0 0,2.66667 0,4c0,9.71493 -1,19.44434 -1,29c0,1 0,2 0,3c0,22.7394 1.71563,46.7062 -2,69c-0.67566,4.05395 -2.58014,36 -2,36
8766-c20bacc6-5be5-4311-8036-1476c4630078	1493331347518	27	3	sling	0	M159,184c3.06111,0 -16.23754,7 -22,7c-17.27291,0 -35.34676,1 -53,1
8766-c20bacc6-5be5-4311-8036-1476c4630078	1493331348647	27	4	sling	0	M164,185c10.11379,-5.0569 19.31402,-18.08536 26,-27c3.16142,-4.21522 6.89441,-5.89441 10,-9c0.01884,-0.01884 2.27975,-5.4405 3,-4c2.20351,4.40703 0,15.10154 0,20c0,9.49642 3.20851,33.58298 -1,42c-0.54226,1.08453 -5.45062,-5.45062 -6,-6
8766-c20bacc6-5be5-4311-8036-1476c4630078	1493331350474	27	5	sling	0	M198,143c-2.79959,-2.79959 -13.81441,-2.6048 -18,-4c-4.93422,-1.64474 -21.77648,-9.11176 -26,-7c-15.32674,7.66337 -30.02165,16.51624 -44,27c-4.03523,3.02642 -33.29797,32.59593 -31,28
8766-c20bacc6-5be5-4311-8036-1476c4630078	1493331367445	28	1	sparrow	0	M188,93c0,-8.4321 3.07738,-30.92262 -2,-36c-15.83931,-15.83931 -50.10558,-12.89442 -63,0c-0.4714,0.4714 0,1.33333 0,2c0,6.40324 -6.89733,32.10267 -1,38c3.2112,3.2112 2.22533,10.22533 6,14c0.7647,0.7647 4.75329,-0.75329 5,-1c6.33653,-6.33653 20.41862,-4.20931 30,-9c5.86204,-2.93102 35,-6.24321 35,0c0,1.43233 0.91161,8.08839 0,9c-0.2357,0.2357 -0.7643,-0.2357 -1,0c-0.39867,0.39867 -64.68718,17 -71,17c-0.61024,0 -3.61036,0.38964 -4,0c-2.27533,-2.27533 1,-12.51596 1,-14
8766-c20bacc6-5be5-4311-8036-1476c4630078	1493331372528	28	2	sparrow	0	M120,127c0,-1.68407 -0.34442,1.34442 -1,2c-9.41993,9.41993 -0.58696,25.17393 -7,38c-6.23837,12.47675 15.05648,69.05648 21,75c0.49898,0.49898 0,4.21699 0,5c0,12.08229 -0.98531,40.01469 7,48c1.02647,1.02647 7.21345,5.78655 10,3c6.05148,-6.05148 14.83565,-11.67129 20,-22c5.30229,-10.60457 -9.52236,-35.47764 -1,-44c7.08345,-7.08345 26.10095,-42.2019 32,-54c2.69061,-5.38121 5.11825,-44.88175 2,-48c-0.16124,-0.16124 -8,-24.22928 -8,-20
8766-c20bacc6-5be5-4311-8036-1476c4630078	1493331375564	28	3	sparrow	0	M132,132c0,17.70602 2,35.90341 2,53c0,7.45198 -3.6335,17 -12,17c-1.33333,0 -2,0.56667 -2,-1
8766-c20bacc6-5be5-4311-8036-1476c4630078	1493331377286	28	4	sparrow	0	M183,116c0.96959,0 2,2.78471 2,4c0,14.47512 3,30.21899 3,44c0,0.33333 -0.14907,0.70186 0,1c1.27917,2.55834 12.31743,22 10,22
8766-c20bacc6-5be5-4311-8036-1476c4630078	1493331379268	28	5	sparrow	0	M152,224c0,6.70379 11.71446,58 1,58
8766-c20bacc6-5be5-4311-8036-1476c4630078	1493331379844	28	6	sparrow	0	M142,228c3.04535,15.22674 4,35.12955 4,50
8766-c20bacc6-5be5-4311-8036-1476c4630078	1493331381440	28	7	sparrow	0	M130,182c-1.10665,0 -16,11.14153 -16,11
8766-c20bacc6-5be5-4311-8036-1476c4630078	1493331382485	28	8	sparrow	0	M185,157c5.24374,0 25.49764,18.74882 16,14
8766-c20bacc6-5be5-4311-8036-1476c4630078	1493331398630	29	1	cuckoo	0	M225,98c-45.17171,-45.17171 -63.0813,40.0271 -102,53c-9.36999,3.12333 -18.00423,9.00141 -27,12c-9.16664,3.05555 -19.76461,0.92154 -29,4c-6.43054,2.14351 -16.91073,-1 -22,-1c-1.2158,0 -9.93261,0.06739 -9,1c15.18197,15.18197 46.81601,3.60534 66,10c0.67322,0.22441 9,0 9,0c0,0 -4.73791,1.91264 -5,2c-11.24496,3.74832 -24.35886,8.17943 -34,13c-0.47108,0.23554 -5,2 -5,2c0,0 20.09033,-0.36344 22,-1c22.51388,-7.50463 41.1222,-14 66,-14c3.50914,0 11.82062,1.58969 15,0c6.66476,-3.33238 14.32448,-3.32448 20,-9c12.40391,-12.40391 6.33021,-48.33021 12,-54c7.3256,-7.3256 29,-2.23876 29,-17c0,-1.84917 -1.40875,-4 -3,-4
8766-c20bacc6-5be5-4311-8036-1476c4630078	1493331399268	29	2	cuckoo	0	M178,195
8766-c20bacc6-5be5-4311-8036-1476c4630078	1493331399850	29	3	cuckoo	0	M176,180c-0.41242,-0.41242 3,16.20661 3,21
8766-c20bacc6-5be5-4311-8036-1476c4630078	1493331400465	29	4	cuckoo	0	M146,183c1.84391,-0.61464 5,-4.94365 5,-3c0,7.03502 -20.6685,31.6685 -14,25
8766-c20bacc6-5be5-4311-8036-1476c4630078	1493331416310	30	1	bloodhound	0	M235,93c0,-9.91934 -27.00108,-23.99892 -35,-16c-5.64558,5.64558 -12.39253,11.78506 -16,19c-5.33252,10.66504 -16.30942,66.69058 -6,77c2.36012,2.36012 7.3208,2.8396 11,1c13.07142,-6.53571 0.02445,-29.04889 6,-41c4.19847,-8.39695 4.65623,-19.65623 10,-25c0.58799,-0.58799 3,3.71112 3,4c0,2.86632 1.6482,9.6482 3,11c1.52154,1.52154 -1.94655,9 1,9
8766-c20bacc6-5be5-4311-8036-1476c4630078	1493331418748	30	2	bloodhound	0	M234,89c0,16.30274 18.02717,44.48641 1,53c-9.17286,4.58643 -22.28429,-1.56857 -25,-7c-2.092,-4.184 -7,-18.69306 -7,-17
8766-c20bacc6-5be5-4311-8036-1476c4630078	1493331419783	30	3	bloodhound	0	M236,129c0,-16.12762 -13.44351,12.629 1,3c1.89912,-1.26608 3.08143,-4.91857 1,-7c-0.2027,-0.2027 -4.7973,-0.2027 -5,0c-4.33652,4.33652 5.22357,7.11178 1,5c-3.25946,-1.62973 -5.80199,7.401 1,4
8766-c20bacc6-5be5-4311-8036-1476c4630078	1493331421640	30	4	bloodhound	0	M232,87c0,4.38263 10.14756,29.14756 14,33c4.81517,4.81517 5.92108,59.07892 2,63c-0.91886,0.91886 -3.44667,-0.44667 -4,-1c-4.59948,-4.59948 -8,-28.64126 -8,-35c0,-1.41126 0.671,-3 -1,-3
8766-c20bacc6-5be5-4311-8036-1476c4630078	1493331432179	30	5	bloodhound	0	M227,143c3.84173,3.84173 15.38456,64.23087 11,73c-1.71323,3.42646 -5.39217,31.60783 -12,25c-10.94874,-10.94874 -8.48694,-28.46083 -13,-42c-0.12526,-0.37579 -1,-7 -1,-7c0,0 0.79694,5.39082 1,6c2.703,8.109 5.46819,36.53181 -1,43c-1.23386,1.23386 -4.7359,-0.47179 -5,-1c-6.93593,-13.87187 -1.68414,-33.36828 -8,-46c-0.30189,-0.60377 0.46226,-2.53774 0,-3c-1.63549,-1.63549 -8.03726,0.96274 -10,-1c-5.81336,-5.81336 -36.62876,-16.81438 -47,-22c-30.08117,-15.04059 -27.25819,13.77458 -33,31c-2.60591,7.81772 -8.57966,15.73898 -11,23c-1.30246,3.90739 -8.59297,24.40703 -4,29c5.5287,5.5287 11,-11 11,-11c0,0 -5.654,13.346 -11,8c-8.7267,-8.7267 -15.16397,-28.5081 -10,-44c1.54441,-4.63322 6.66789,-8.67156 8,-14c0.56087,-2.24349 2.44022,-13.44022 4,-15c1.19184,-1.19184 -1.64321,15.57284 -2,17c-1.96433,7.85732 -11.93876,45.53062 -25,39c-19.80084,-9.90042 19.3088,-61.6176 24,-71c0.44911,-0.89821 4.5117,-4.4883 3,-6c-0.26471,-0.26471 -2.58824,0 -3,0c-9.89618,0 -27.36976,-0.36976 -33,-6c-0.2027,-0.2027 -2.24324,-2.75676 -2,-3c6.35384,-6.35384 57.36704,-4.31648 68,1c6.15584,3.07792 47.38398,-1.76795 44,5
8766-c20bacc6-5be5-4311-8036-1476c4630078	1493331447337	31	1	bullmastiff	0	M161,100c1.61116,0 -5.1943,-3.3981 -7,-4c-6.44055,-2.14685 -15.15745,-3 -22,-3c-6.4295,0 -15.64652,14.67674 -17,14c-2.79209,-1.39605 -20.22359,-19.77641 -22,-18c-0.64194,0.64194 11.62438,26 13,26
8766-c20bacc6-5be5-4311-8036-1476c4630078	1493331453610	31	2	bullmastiff	0	M163,99c-8.48239,5.65492 3.9906,-16.0282 5,-13c1.02212,3.06637 6.01394,17.97212 5,20c-0.54979,1.09958 -7.70854,5.29146 -5,8c3.85327,3.85327 5.06505,14.06505 10,19c6.33774,6.33774 15.36648,13.36648 23,21c2.92477,2.92477 9.07399,19 14,19c3.3673,0 16,-29.71251 16,-34c0,-1.06446 0.35525,-14.64475 1,-14c5.49824,5.49824 7,18.40639 7,26c0,7.58187 3.51812,18.44563 1,26c-3.10373,9.31119 -18.61995,17.61995 -23,22c-4.2619,4.2619 3.68763,42.31237 -5,51c-1.99884,1.99884 -5.22904,-1.22904 -6,-2c-8.36065,-8.36065 -5,-30.74475 -5,-42c0,-0.30845 0,-7 0,-7c0,0 0,5.82385 0,6c0,5.25548 0.87854,52.43927 -12,46c-6.71044,-3.35522 -3.7738,-58.7738 -6,-61c-15.31312,-15.31312 -36.54414,-33.54414 -50,-47c-0.92652,-0.92652 -4.6278,1.6278 -5,2c-8.04422,8.04422 4.63263,54.68369 -8,61c-1.70104,0.85052 -3.01329,-1.01329 -4,-2c-2.4976,-2.4976 -7.73124,-62.26876 -4,-66c0.19074,-0.19074 1,15.78766 1,18c0,12.18854 -2.57082,25.14164 -8,36c-0.74998,1.49996 -4.52693,6.47307 -7,4c-3.40562,-3.40562 -4,-16.21858 -4,-21c0,-9.90511 0.09538,-25.09538 7,-32c5.25644,-5.25644 12.87532,-4.87532 18,-10c5.16467,-5.16467 -17.12396,-18.12396 -14,-15
8766-c20bacc6-5be5-4311-8036-1476c4630078	1493331463166	32	1	redsport	0	M207,159c2.0776,-2.0776 -2.39139,4.47847 -3,6c-2.79142,6.97856 -5.98361,25.99344 9,20c15.01853,-6.00741 16.64523,-27 -2,-27
8766-c20bacc6-5be5-4311-8036-1476c4630078	1493331464090	32	2	redsport	0	M103,149c-24.48847,8.16282 -11.68117,39.89372 12,32c18.2011,-6.06703 -0.6073,-34.7854 -7,-22
8766-c20bacc6-5be5-4311-8036-1476c4630078	1493331464911	32	3	redsport	0	M127,173c23.08353,0 46.78594,-3 69,-3
8766-c20bacc6-5be5-4311-8036-1476c4630078	1493331467372	32	4	redsport	0	M227,164c15.06894,0 22.96145,-20.01928 7,-28c-8.06133,-4.03066 -18.58609,-5 -28,-5c-1.27188,0 -7.19045,0.80955 -8,0c-6.05556,-6.05556 -4.18783,-17.45855 -14,-24c-6.93605,-4.62403 -19.60231,-2.90058 -28,-5c-22.19875,-5.54969 -67.44562,6.89123 -77,26c-4.85343,9.70686 -0.22881,33 11,33
