gameid	time	trialNum	strokeNum	targetName	svg
6414-02aa0953-915c-4335-b0d5-324dc4347a6b	1493069608941	1	1	inlay	M68,29.85938c0,9.26267 -2.99587,112.00413 -1,114c1.11231,1.11231 4.25651,-0.62825 5,-1c1.36672,-0.68336 95.86956,-3.56522 103,0c2.10113,1.05056 -0.01943,1.98057 1,3c0.33333,0.33333 1,0.5286 1,1c0,30.26989 5,60.58626 5,89
6414-02aa0953-915c-4335-b0d5-324dc4347a6b	1493069610473	1	2	inlay	M69,137.85938c0,1.33333 0,2.66667 0,4c0,0.66667 0,1.33333 0,2c0,24.66667 0,49.33333 0,74c0,1.74825 0.78914,7 -1,7
6414-02aa0953-915c-4335-b0d5-324dc4347a6b	1493069612500	1	3	inlay	M68,140.85938c-3.96211,0 -1.20078,6.60235 -2,9c-5.67157,17.01472 -3,49.48461 -3,68
6414-02aa0953-915c-4335-b0d5-324dc4347a6b	1493069615645	1	4	inlay	M166,140.85938c-1.17169,-1.17169 -2,5.71516 -2,8c0,6.97286 -2,12.60821 -2,20c0,17.97709 -3.73642,41.39537 6,56c0.41345,0.62017 1,1.25464 1,2c0,0.33333 0,0.66667 0,1
6414-02aa0953-915c-4335-b0d5-324dc4347a6b	1493069620085	1	5	inlay	M66,32.85938c11.91648,-11.91648 7.75261,36 2,36
6414-02aa0953-915c-4335-b0d5-324dc4347a6b	1493069649263	2	1	chihuahua	M71,111.85938c0,6.61804 21,8.62801 21,15c0,0.26281 -7.06224,3.12448 -8,5c-1.86195,3.7239 -4.26801,17.46398 -2,22c9.41647,18.83294 36.85372,8.14628 46,-1c1.33254,-1.33254 0,-11.86316 0,-14c0,-5.42284 -0.71089,-8.71089 -4,-12c-4.67512,-4.67512 -53.92379,4.30793 -35,-2
6414-02aa0953-915c-4335-b0d5-324dc4347a6b	1493069650714	2	2	chihuahua	M129,129.85938c0,-7.52894 27.79024,-7.79024 32,-12
6414-02aa0953-915c-4335-b0d5-324dc4347a6b	1493069652530	2	3	chihuahua	M131,154.85938c0,-5.93427 21.36458,-4.16106 25,-5c20.50848,-4.73273 42.62984,-1.90746 59,-6c8.78981,-2.19745 17.92895,-6 27,-6
6414-02aa0953-915c-4335-b0d5-324dc4347a6b	1493069655087	2	4	chihuahua	M207,148.85938c0.31486,0.31486 12,60.46363 12,65c0,0.98943 0,11 0,11c0,0 -1.43235,-3.29706 -2,-5
6414-02aa0953-915c-4335-b0d5-324dc4347a6b	1493069657158	2	5	chihuahua	M216,187.85938c0,3.12477 -1.50299,1.33533 -4,3c-3.9301,2.62007 -78.84295,6.15705 -81,4c-8.34393,-8.34393 7,-34.37485 7,-40
6414-02aa0953-915c-4335-b0d5-324dc4347a6b	1493069658160	2	6	chihuahua	M130,192.85938c0.94281,0.94281 0.32338,2.70648 0,4c-3.82029,15.28115 -11.88634,32.54536 -16,49c-0.08085,0.32338 0.14907,0.70186 0,1c-0.06233,0.12465 -1,3 -1,3c0,0 1.1731,-2.75965 2,-4
6414-02aa0953-915c-4335-b0d5-324dc4347a6b	1493069658821	2	7	chihuahua	M146,199.85938c0,11.90542 -11,24.76572 -11,36
6414-02aa0953-915c-4335-b0d5-324dc4347a6b	1493069660102	2	8	chihuahua	M205,194.85938c0,5.38311 -2.34643,29.34643 -6,33
6414-02aa0953-915c-4335-b0d5-324dc4347a6b	1493069685744	3	1	brown	M111,127.85938c0,-1.30976 3.43675,-2 5,-2c17.19898,0 33.63222,5.21074 51,11c31.98867,10.66289 59.72138,12.72138 82,35c2.50343,2.50343 14,6.25425 14,10c0,1.05405 -19.19597,1.09798 -21,2c-14.60707,7.30354 -41.70247,5 -58,5c-3.3187,0 -11.9084,-1.5458 -15,0c-15.69815,7.84907 -89.79594,7 -113,7c-8.64462,0 -30.21661,2.78339 -35,-2c-2.60445,-2.60445 13.02465,-22.51233 16,-24c9.47259,-4.7363 24.78685,0.60658 34,-4c20.17778,-10.08889 41,-18.34052 41,-45
6414-02aa0953-915c-4335-b0d5-324dc4347a6b	1493069690439	3	2	brown	M110,129.85938c0,6.79085 51.46854,14.09371 61,16c6.19869,1.23974 14.17341,5 20,5c2.66667,0 5.33333,0 8,0c1.33333,0 4.94281,0.94281 4,0c-1.59628,-1.59628 -4.11017,-1 -6,-1c-30.40072,0 -33.57175,-8.85725 -55,-16c-4.24263,-1.41421 -13.58379,-6 -17,-6c-2.66667,0 -5.33333,0 -8,0c-1,0 -4,0 -3,0c23.39783,0 47.4515,6.81717 69,14c0.11913,0.03971 9,2.65138 9,3c0,3 -6,0 -9,0c-19.97405,0 -32.31166,-5.32792 -51,-10c-1.74146,-0.43536 -3.29706,-1.43235 -5,-2c-1.62623,-0.54208 -3.5286,-1.01906 -5,-2c-0.47183,-0.31456 -7,-2 -7,-2c0,0 8.05088,0.28198 12,1c19.49756,3.54501 37.97629,1.31753 54,12c1.1094,0.7396 -2.80743,0.59628 -4,0c-2.32111,-1.16056 -8.16209,-2.05403 -11,-3c-6.4026,-2.1342 -25.62458,0.37542 -30,-4
6414-02aa0953-915c-4335-b0d5-324dc4347a6b	1493069691578	3	3	brown	M91,159.85938c18.4405,0 89.2496,5.8752 101,0c7.0658,-3.5329 17.80673,-5 26,-5
6414-02aa0953-915c-4335-b0d5-324dc4347a6b	1493069692538	3	4	brown	M132,135.85938c4.8913,4.8913 2,20.96513 2,28
6414-02aa0953-915c-4335-b0d5-324dc4347a6b	1493069694877	3	5	brown	M57,202.85938c-4.94791,-4.94791 22.33721,-42.49418 36,-22c8.78084,13.17126 -23.02086,34.95827 -31,19c-0.99789,-1.99577 -1.92089,-5.07911 0,-7
6414-02aa0953-915c-4335-b0d5-324dc4347a6b	1493069697620	3	6	brown	M230,196.85938c2.82049,0 -1.16206,-10.61265 3,-12c42.76194,-14.25398 -9,47.87337 -9,9
6414-02aa0953-915c-4335-b0d5-324dc4347a6b	1493069715399	4	1	bluesedan	M75,157.85938c9.22647,-9.22647 15.61733,-23.30867 29,-30c17.0567,-8.52835 89.13094,-1.62302 109,5c10.42391,3.47464 8.67764,29.55921 16,32c14.59501,4.865 50.26373,1.94509 44,27c-1.39469,5.57877 -5.20644,17.60322 -10,20c-10.62003,5.31002 -37.28225,-0.85645 -48,-3c-22.71125,-4.54225 -84.87685,-3 -112,-3c-13.96568,0 -41.21621,4.39189 -54,-2c-9.16617,-4.58309 -11.04871,-12.09743 -15,-20c-14.22266,-28.44531 34.18761,-24 47,-24
6414-02aa0953-915c-4335-b0d5-324dc4347a6b	1493069716266	4	2	bluesedan	M88,158.85938c49.57819,0 99.91392,3 149,3
6414-02aa0953-915c-4335-b0d5-324dc4347a6b	1493069717106	4	3	bluesedan	M113,195.85938c0,-3.36809 -18.22062,-3.55877 -20,0c-7.31633,14.63267 31.34066,21.31869 36,12c9.85411,-19.70821 -11.04538,-17 -21,-17
6414-02aa0953-915c-4335-b0d5-324dc4347a6b	1493069717884	4	4	bluesedan	M226,200.85938c0,-10.91895 -45.4387,-3.91826 -35,10c3.14765,4.19687 9.58523,3.59866 14,4c25.00465,2.27315 13.68278,-18.82931 -3,-23
6414-02aa0953-915c-4335-b0d5-324dc4347a6b	1493069718824	4	5	bluesedan	M149,119.85938c2.116,0 2,1.13036 2,3c0,12.33333 0,24.66667 0,37
6414-02aa0953-915c-4335-b0d5-324dc4347a6b	1493069730442	5	1	woven	M233,95.85938c0,46.08942 -3,92.54481 -3,138
6414-02aa0953-915c-4335-b0d5-324dc4347a6b	1493069732899	5	2	woven	M227,160.85938c-39.09937,0 -78.69559,1 -118,1c-11,0 -22,0 -33,0c-0.81607,0 -1.69107,-0.2357 -2,1c-5.03574,20.14297 0,45.81897 0,67
6414-02aa0953-915c-4335-b0d5-324dc4347a6b	1493069733585	5	3	woven	M120,165.85938c0,23.98469 -8,45.99241 -8,70c0,4.82419 -1.98919,8.9964 4,7
6414-02aa0953-915c-4335-b0d5-324dc4347a6b	1493069734298	5	4	woven	M193,171.85938c0,17.48437 -2.95841,33.3345 -4,50c-0.0398,0.63672 -3.20555,28.61665 0,19
6414-02aa0953-915c-4335-b0d5-324dc4347a6b	1493069736057	5	5	woven	M231,133.85938c-37.39876,0 -74.34875,-4 -112,-4
6414-02aa0953-915c-4335-b0d5-324dc4347a6b	1493069751199	6	1	pug	M105,125.85938c-0.33333,-0.33333 -0.78918,-0.57836 -1,-1c-2.41236,-4.82472 -27.19072,-36.71392 -37,-22c-1.22768,1.84152 -2,2.88407 -2,5
6414-02aa0953-915c-4335-b0d5-324dc4347a6b	1493069753297	6	2	pug	M133,114.85938c0,-16.49138 -11.6219,-15.6219 -21,-25
6414-02aa0953-915c-4335-b0d5-324dc4347a6b	1493069770898	6	3	pug	M138,119.85938c-9.53786,0 -24.58916,4.79458 -33,9c-7.86675,3.93338 -20.78725,-2.10637 -29,2c-4.66688,2.33344 -11.16777,7.16777 -14,10c-5.44035,5.44035 1.84913,30.92456 6,33c12.63603,6.31802 43.55386,-3.89227 50,9c9.83822,19.67645 -60.27498,67.72502 -43,85c4.70076,4.70076 34.68089,-18.68089 39,-23c15.91743,-15.91743 19.78062,-54.10969 52,-38c4,2 11,-2 15,0c7.73446,3.86723 -2.58782,27.82436 1,35c7.46873,14.93747 13.59799,31.29899 29,39c1.29038,0.64519 5.97723,4.02277 8,2c2.21472,-2.21472 -5.50024,-43.00048 -7,-46c-1.66628,-3.33256 -5.84757,-18.92378 -4,-18c18.17594,9.08797 33.47688,65.76156 55,55c6.5665,-3.28325 -9.34207,-53.34207 -14,-58c-7.50581,-7.50581 -16.18406,-14.36813 -21,-24c-1.35395,-2.7079 17.41803,-57.74592 15,-65c-13.20774,-39.62321 -61.47673,-24.84109 -88,-16c-8.46891,2.82297 -18.75526,-0.12237 -27,4
6414-02aa0953-915c-4335-b0d5-324dc4347a6b	1493069774642	6	4	pug	M66,102.85938c0,16.14096 25.33184,12.66367 32,26
6414-02aa0953-915c-4335-b0d5-324dc4347a6b	1493069776195	6	5	pug	M124,95.85938c0,-15.7801 -14.19369,-4.80631 -17,-2c-9.13139,9.13139 18.00343,23.00171 22,25c4.43201,2.21601 4.21814,8.21814 7,11
6414-02aa0953-915c-4335-b0d5-324dc4347a6b	1493069780500	6	6	pug	M225,125.85938c0,-22.1195 29.19695,-36.90152 49,-27c2.60916,1.30458 -8.57357,7.78679 -9,8c-6.94124,3.47062 -18.17202,-2.41399 -25,1c-6.03692,3.01846 -4.55367,12.70945 -7,19c-2.0429,5.25317 -7,-4.42705 -7,-5
6414-02aa0953-915c-4335-b0d5-324dc4347a6b	1493069809983	7	1	tomtit	M96,63.85938c21.80413,-21.80413 57.9322,-8.1356 70,16c32.56272,65.12544 14,70.82638 14,142c0,20.3214 13,33.55837 13,53c0,0.96051 2.16849,3.83151 1,5c-1.95968,1.95968 -22.64593,0.35407 -24,-1c-1.84234,-1.84234 -0.11814,-9.35441 -1,-12c-2.11095,-6.33286 -12.74485,-33.74485 -16,-37c-7.88449,-7.88449 -22.26278,-30.13139 -34,-36c-4.18401,-2.092 -12.6195,-5.23901 -15,-10c-5.50116,-11.00233 -5.21945,-77.5611 0,-88c3.22201,-6.44402 18.82864,-20.34272 14,-30c-2.39464,-4.78928 -15.52626,0.47374 -19,-3
6414-02aa0953-915c-4335-b0d5-324dc4347a6b	1493069814817	7	2	tomtit	M103,140.85938c0,3.63679 16.21563,-2.78437 19,0c0.51169,0.51169 -6.60245,2.65061 -8,3c-3.87647,0.96912 -9.96536,3.96536 -13,7
6414-02aa0953-915c-4335-b0d5-324dc4347a6b	1493069816593	7	3	tomtit	M180,124.85938c-3.36285,0 -4.86602,7 -9,7c-18.36941,0 11.28429,5 17,5
6414-02aa0953-915c-4335-b0d5-324dc4347a6b	1493069820219	7	4	tomtit	M125,148.85938c12.30101,0 42.42198,15.68794 45,26c0.15397,0.61589 1.9805,4.0195 1,5c-1.69312,1.69312 -9.04207,-5.04207 -10,-6c-7.18136,-7.18136 -25.0905,-17 -35,-17
6414-02aa0953-915c-4335-b0d5-324dc4347a6b	1493069821515	7	5	tomtit	M126,160.85938c0,-2.88667 4.72784,0.04588 6,1c4.23407,3.17556 39.77465,25.22535 32,33c-1.03812,1.03812 -5.75566,-2.91855 -6,-3c-11.99216,-3.99739 -24.88497,-28 -37,-28
6414-02aa0953-915c-4335-b0d5-324dc4347a6b	1493069824056	7	6	tomtit	M164,133.85938c-2.52933,2.52933 -22.40833,15.59167 -17,21c4.83204,4.83204 20.60865,-16.60865 24,-20
6414-02aa0953-915c-4335-b0d5-324dc4347a6b	1493069825266	7	7	tomtit	M175,135.85938c-2.7758,2.7758 -12,10.12179 -12,13c0,1.92748 -12.43633,18.94906 0,9c5.00817,-4.00654 16,-12.71488 16,-19
6414-02aa0953-915c-4335-b0d5-324dc4347a6b	1493069831984	7	8	tomtit	M132,202.85938c-5.0187,0 -17.67743,13.67743 -21,17c-4.76163,4.76163 -24,-17 -24,-17c0,0 0,2 0,3c0,7.54277 7.60196,16.39804 7,17c-1.25988,1.25988 -3.18717,-2 -4,-2c-5.00136,0 -8.64977,-0.17512 -13,2c-0.66667,0.33333 -2,0.25464 -2,1c0,5.17025 20.20033,5.20033 23,8c3.68038,3.68038 5.98476,26.67175 14,24c6.16526,-2.05509 -0.66451,-20.33549 4,-25c6.68627,-6.68627 17.07831,-12.07831 23,-18
6414-02aa0953-915c-4335-b0d5-324dc4347a6b	1493069848904	8	1	redantique	M122,115.85938c0,21.2984 -3.53835,26 20,26c14.11204,0 26.12948,2.61295 40,4c11.85206,1.18521 24.21267,5 36,5c1.37437,0 3.38536,2.22927 4,1c0.29814,-0.59628 0,-1.33333 0,-2c0,-1.33333 0,-2.66667 0,-4c0,-0.66667 0,-1.33333 0,-2c0,-2.46277 2.25675,-31.87163 0,-33c-9.43187,-4.71593 -125.30335,0 -148,0
6414-02aa0953-915c-4335-b0d5-324dc4347a6b	1493069853805	8	2	redantique	M87,98.85938c0,17.05896 -9.27934,35.88265 -5,53c1.71178,6.84713 8.08409,15.25228 10,21c0.73542,2.20626 3.32699,2 5,2c15.10323,0 31.26353,-1.15782 46,2c6.17458,1.32312 81.95364,12.04636 86,8c1.61433,-1.61433 1,-5.2377 1,-7c0,-1 0,-2 0,-3c0,-1.33333 0,-2.66667 0,-4c0,-1 -0.19612,-2.01942 0,-3c0.14618,-0.73088 0.87746,-1.26479 1,-2c0.2192,-1.31519 -0.18856,-2.68007 0,-4c0.14907,-1.0435 0.82671,-1.96025 1,-3c0.1644,-0.98639 0,-2 0,-3c0,-2.86693 2.05985,-38.97007 0,-40c-9.2066,-4.6033 -45.06395,-0.15199 -58,-2c-18.68727,-2.66961 -36.90027,-3 -56,-3
6414-02aa0953-915c-4335-b0d5-324dc4347a6b	1493069855139	8	3	redantique	M259,206.85938c0,6.11029 -15.11831,8.59156 -17,18c-4.83379,24.16895 28,34.19282 28,-12c0,-16.21718 -6.29599,-15 -18,-15
6414-02aa0953-915c-4335-b0d5-324dc4347a6b	1493069856913	8	4	redantique	M126,209.85938c-27.01788,0 -27.93989,24.35337 -8,31c10.09522,3.36507 21.57966,-10.84067 17,-20c-0.14886,-0.29773 -10.13977,-1.06988 -12,-2
6414-02aa0953-915c-4335-b0d5-324dc4347a6b	1493069858944	8	5	redantique	M93,172.85938c-3.41927,0 -43.53402,30.46598 -37,37c16.43596,16.43596 72.63771,25 95,25
6414-02aa0953-915c-4335-b0d5-324dc4347a6b	1493069860280	8	6	redantique	M220,184.85938c41.16473,0 69.78614,-16.37575 45,27c-1.44521,2.52911 -2.74738,16.37369 -4,17c-9.17086,4.58543 -108.62247,0 -128,0
6414-02aa0953-915c-4335-b0d5-324dc4347a6b	1493069862840	8	7	redantique	M230,118.85938c0,-0.64203 17.31808,-2.68192 19,-1c0.70711,0.70711 0,2 0,3c0,17.28353 2.94896,27.84687 8,43c0.68923,2.06769 1,2.02948 1,4
6414-02aa0953-915c-4335-b0d5-324dc4347a6b	1493069864624	8	8	redantique	M74,220.85938c-24.50342,0 -11.39526,30.55811 10,22c7.47891,-2.99157 15.73405,-23 4,-23
6414-02aa0953-915c-4335-b0d5-324dc4347a6b	1493069865647	8	9	redantique	M221,230.85938c-5.09103,-5.09103 -22.66982,-2.33018 -27,2c-0.63956,0.63956 -1.97354,4.02646 -1,5c11.97328,11.97328 35.45082,-4 17,-4
6414-02aa0953-915c-4335-b0d5-324dc4347a6b	1493069899880	9	1	basset	M38,195.85938c0,-12.02196 45.92993,-14.92993 52,-21c21.61936,-21.61936 83.53519,-0.26759 107,-12c2.46533,-1.23266 36.71882,-6.28118 38,-5c2.78196,2.78196 15.4584,5.37521 17,10c1.3648,4.09441 0.10761,9.21523 2,13c1.72654,3.45307 39.24022,1.51957 29,22c-3.97232,7.94463 -25.39998,11 -34,11c-2.91562,0 -7.2267,-2.38665 -10,-1c-0.42164,0.21082 -0.78918,0.57836 -1,1c-0.85871,1.71743 0.51517,2.51517 1,3c3.13241,3.13241 9.46266,54.23133 -3,48c-14.9278,-7.4639 -5.5852,-45.5852 -11,-51c-1.35436,-1.35436 -13.68425,-0.11961 -15,0c-4.75938,0.43267 -13.51948,-0.49351 -18,1c-6.54721,2.1824 -8.87594,56.12406 -6,59c3.31306,3.31306 17.1255,-1.62483 22,0c3.7574,1.25247 10.69396,7.43535 3,10c-5.60591,1.86864 -48.47531,1.52469 -51,-1c-0.49898,-0.49898 0,-4.21699 0,-5c0,-15.3012 3,-30.27681 3,-46c0,-0.66667 0.59628,-1.70186 0,-2c-3.3174,-1.6587 -4.41705,2.20853 -6,3c-3.43297,1.71648 -2,10.82974 -2,15c0,2.04086 -5.0863,4.9137 -5,5c2.00581,2.00581 6.00153,-1.99694 8,2c1.70677,3.41355 -5.37077,4.18538 -7,5c-1.74152,0.87076 -6.81539,1.7282 -9,1c-14.63961,-4.87987 11.33307,-34 -28,-34c-4.19414,0 -14.1991,-1.90045 -18,0c-2.25187,1.12593 -7.69587,0.39174 -9,3c-2.10662,4.21324 4.49971,8.99942 6,12c1.4666,2.9332 1.20166,14.20166 3,16c3.73627,3.73627 12.86538,1.73075 15,6c0.23166,0.46333 0.23166,6.88417 0,7c-3.76573,1.88287 -17.57037,-0.77912 -20,-1c-5.13665,-0.46697 -4.01861,6.9907 -8,5c-9.65237,-4.82619 3.21256,-49.10628 -15,-40c-5.36561,2.6828 4.08339,40 -4,40c-1.00261,0 -7.76541,0.46918 -8,0c-4.0911,-8.1822 0.61403,-61.30701 4,-63c0.12353,-0.06176 5,-2 5,-2c0,0 -7.78395,1 -8,1c-6.33555,0 -33.56611,16.85537 -43,20c-0.76004,0.25335 -6.41077,3.58923 -7,3c-12.05441,-12.05441 30.44413,-38 41,-38
6414-02aa0953-915c-4335-b0d5-324dc4347a6b	1493069929703	10	1	redsport	M78,162.85938c-5.46749,0 -30.74444,-5.51111 -34,1c-5.24357,10.48714 26.32736,11 32,11c1.22068,0 2.30598,-0.38804 3,1c3.97896,7.95792 -7.087,24.913 3,35c3.3463,3.3463 22.43752,-0.76041 27,0c7.98508,1.33085 82.06949,5.46526 87,3c5.19098,-2.59549 8.97408,-44.02592 4,-49c-7.67194,-7.67194 -22.11848,-9.03949 -31,-12c-1.34932,-0.44977 -2.33358,-1.33358 -3,-2c-3.9495,-3.9495 1.29759,-15.70241 -4,-21c-5.69304,-5.69304 -58.8489,0.2326 -66,5c-10.30398,6.86932 1.72887,26 -18,26
6414-02aa0953-915c-4335-b0d5-324dc4347a6b	1493069933171	10	2	redsport	M84,172.85938c38.70662,0 75.536,3 114,3
6414-02aa0953-915c-4335-b0d5-324dc4347a6b	1493069936760	10	3	redsport	M85,209.85938c-8.83511,0 5.37345,37.2531 14,20c1.55113,-3.10227 3,-2.56193 3,-7c0,-4.04685 2,-6.2137 2,-9
6414-02aa0953-915c-4335-b0d5-324dc4347a6b	1493069938247	10	4	redsport	M177,214.85938c0,40.31706 28.75965,7.75965 18,-3
6414-02aa0953-915c-4335-b0d5-324dc4347a6b	1493069939846	10	5	redsport	M153,215.85938c-4.90853,0 3.04203,22.95797 12,14c5.70595,-5.70595 5.00275,-14 -4,-14
6414-02aa0953-915c-4335-b0d5-324dc4347a6b	1493069940873	10	6	redsport	M121,213.85938c-2.34428,0 -1.0016,6 2,6c2.02141,0 10.90303,6.09697 14,3c1.99683,-1.99683 0.02065,-6.02065 2,-8
6414-02aa0953-915c-4335-b0d5-324dc4347a6b	1493069948841	10	7	redsport	M85,195.85938c0,-8.59388 -0.51149,-13 9,-13c1.53545,0 7.06722,-0.86556 8,1c2.95778,5.91556 -8.92609,13 -14,13
6414-02aa0953-915c-4335-b0d5-324dc4347a6b	1493069951534	10	8	redsport	M174,191.85938c0,-11.82954 21.39455,-10.42182 24,0c0.96925,3.87699 -21,7.44347 -21,3
6414-02aa0953-915c-4335-b0d5-324dc4347a6b	1493069961481	10	9	redsport	M110,181.85938c12.43522,0 23.73525,1.24789 36,3c1.61023,0.23003 13.08269,2.97933 13,3c-9.4443,2.36108 -22.32394,0 -32,0c-4.59229,0 -11.35863,-0.92827 -16,0c-1.34768,0.26954 -5.37437,1 -4,1c25.66667,0 51.33333,0 77,0c2.66667,0 -5.35393,-0.33076 -8,0c-5.55866,0.69483 -8.97224,1 -15,1c-1.09091,0 -29,0 -29,0c0,0 13.37513,3.54162 6,6c-10.52752,3.50917 -20.68481,2.4212 -31,5c-0.32338,0.08085 -1.33333,0 -1,0c16.18187,0 34.89898,1.3165 51,4c2.30159,0.3836 -4.66667,0 -7,0c-6.70312,0 -13.20934,-1 -20,-1c-0.23176,0 -3.37697,0.80329 -2,1c5.64947,0.80707 33.63716,-1.18142 32,-2c-5.51567,-2.75783 -18.90198,0 -25,0c-3.66667,0 -7.33333,0 -11,0c-1,0 -4,0 -3,0c28.33333,0 56.66667,0 85,0c1.33333,0 -2.66667,0 -4,0c-2.66667,0 -5.33333,0 -8,0c-8.66667,0 -17.33333,0 -26,0c-2.66667,0 -5.36013,-0.37712 -8,0c-1.68259,0.24037 -6.69967,1 -5,1c10.71174,0 -8.00442,-2 -11,-2c-0.31873,0 -14.68154,0.63692 -15,0c-3.88548,-7.77096 21.3147,-1.43823 20,-1c-11.03865,3.67955 -26.18164,5 -38,5
6414-02aa0953-915c-4335-b0d5-324dc4347a6b	1493069973832	11	1	knob	M217,78.85938c0,19.55613 -4,39.1505 -4,59c0,39.0332 4,76.91173 4,115
6414-02aa0953-915c-4335-b0d5-324dc4347a6b	1493069974751	11	2	knob	M213,182.85938c-32.48703,0 -68.60378,-17.27924 -100,-11c-1.19601,0.2392 -7.52972,0.58915 -8,2c-5.85077,17.55232 0,46.26889 0,65c0,4.82795 -0.0021,31.0063 2,25
6414-02aa0953-915c-4335-b0d5-324dc4347a6b	1493069998026	12	1	pigeon	M53,225.85938c10.01908,0 28.42537,3.28732 37,-1c38.05107,-19.02553 51.08146,-55.40728 59,-95c2.20317,-11.01586 2.0851,-69.0851 6,-73c14.42448,-14.42448 57.62158,-13.37842 74,3c7.15097,7.15097 0.77798,18.55596 5,27c0.33333,0.66667 1.33333,0.66667 2,1c3.41664,1.70832 30.13089,17.86911 21,27c-9.03509,9.03509 -29.06214,-11.03107 -35,-14c-1.38678,-0.69339 -1.49927,-3.25109 -3,-1c-8.49444,12.74165 -4.98338,35.95014 -10,51c-7.11406,21.34218 -19.61499,40.22998 -29,59c-5.47398,10.94797 -0.96596,25.98298 -13,32c-8.4969,4.24845 -89.06858,10.46571 -98,6c-3.44408,-1.72204 -14,-13.15222 -14,-19
6414-02aa0953-915c-4335-b0d5-324dc4347a6b	1493070000462	12	2	pigeon	M193,61.85938c-21.12634,0 -40.54534,21.48489 -12,31c16.59893,5.53298 18.69378,-29 12,-29
6414-02aa0953-915c-4335-b0d5-324dc4347a6b	1493070001612	12	3	pigeon	M181,72.85938c0,1.66935 -3.95088,13.97544 6,9c8.49793,-4.24896 -4.64491,-8.64491 -6,-10
6414-02aa0953-915c-4335-b0d5-324dc4347a6b	1493070006545	12	4	pigeon	M149,244.85938c5.23119,0 8.26907,12.63453 13,15c9.46243,4.73122 53,-7.58764 53,5c0,3.66906 -4.97345,5 -8,5c-4.33333,0 -8.66667,0 -13,0
6414-02aa0953-915c-4335-b0d5-324dc4347a6b	1493070008374	12	5	pigeon	M119,243.85938c0,32.06994 77.39452,22.39452 87,32c0.03647,0.03647 -14.99521,1 -18,1c-9.18325,0 -27.40897,3.59103 -34,-3
6414-02aa0953-915c-4335-b0d5-324dc4347a6b	1493070013269	12	6	pigeon	M145,160.85938c26.30932,0 28.31955,34 45,34
6414-02aa0953-915c-4335-b0d5-324dc4347a6b	1493070016539	12	7	pigeon	M114,204.85938c0,24.9052 35.42454,20.42454 40,25c2.03359,2.03359 6.38435,5 11,5
6414-02aa0953-915c-4335-b0d5-324dc4347a6b	1493070017443	12	8	pigeon	M104,216.85938c-1.81939,0 -1,3.42202 -1,5c0,9.1308 15.32261,21 23,21
6414-02aa0953-915c-4335-b0d5-324dc4347a6b	1493070020188	12	9	pigeon	M111,218.85938c0,-1.44316 5.77513,2.30007 7,3c6.37459,3.64262 12.22741,7.74247 19,10c1.90551,0.63517 6.39156,2 3,2
6414-02aa0953-915c-4335-b0d5-324dc4347a6b	1493070020667	12	10	pigeon	M115,217.85938c6.84722,3.42361 21.86845,10.86845 27,16
6414-02aa0953-915c-4335-b0d5-324dc4347a6b	1493070021083	12	11	pigeon	M115,216.85938c0,7.20959 23,12.61176 23,17
6414-02aa0953-915c-4335-b0d5-324dc4347a6b	1493070021483	12	12	pigeon	M102,214.85938c4.42717,8.85434 14.1656,16.3113 21,24c1.43605,1.61555 15.47713,12.47713 10,7
6414-02aa0953-915c-4335-b0d5-324dc4347a6b	1493070021867	12	13	pigeon	M103,218.85938c0,-2.36036 22.03481,11 26,11
6414-02aa0953-915c-4335-b0d5-324dc4347a6b	1493070022274	12	14	pigeon	M109,216.85938c-4.14936,4.14936 19.1533,24 24,24
6414-02aa0953-915c-4335-b0d5-324dc4347a6b	1493070022643	12	15	pigeon	M120,219.85938c10.79948,5.39974 21.9014,11.4507 33,17
6414-02aa0953-915c-4335-b0d5-324dc4347a6b	1493070023076	12	16	pigeon	M128,226.85938c0,5.07269 9.27068,8.50827 13,10c1.54219,0.61687 7.63509,2 6,2
6414-02aa0953-915c-4335-b0d5-324dc4347a6b	1493070023411	12	17	pigeon	M114,226.85938c7.11511,0 13.31671,9 22,9
6414-02aa0953-915c-4335-b0d5-324dc4347a6b	1493070024498	12	18	pigeon	M76,226.85938c0,5.7712 7.97429,9.94858 10,14c0.03312,0.06623 3,7.22502 3,4
6414-02aa0953-915c-4335-b0d5-324dc4347a6b	1493070024876	12	19	pigeon	M76,229.85938c10.8173,21.63461 31.79738,26.39869 3,12
6414-02aa0953-915c-4335-b0d5-324dc4347a6b	1493070025147	12	20	pigeon	M69,233.85938c0,1.70597 10.31292,14.93877 7,5
6414-02aa0953-915c-4335-b0d5-324dc4347a6b	1493070025428	12	21	pigeon	M65,225.85938c3.49364,3.49364 12.86778,19.86778 2,9
6414-02aa0953-915c-4335-b0d5-324dc4347a6b	1493070025659	12	22	pigeon	M54,220.85938c0,4.106 12,23.92126 12,16
6414-02aa0953-915c-4335-b0d5-324dc4347a6b	1493070025884	12	23	pigeon	M60,226.85938c4.23328,6.34992 10.39623,11.39623 15,16
6414-02aa0953-915c-4335-b0d5-324dc4347a6b	1493070026195	12	24	pigeon	M62,222.85938c-6.09562,0 15,32.50433 15,20
6414-02aa0953-915c-4335-b0d5-324dc4347a6b	1493070038644	13	1	squat	M61,70.85938c2.17038,0 1,25.90592 1,27c0,4 0,8 0,12c0,19.74765 0.10666,116.10666 16,132
6414-02aa0953-915c-4335-b0d5-324dc4347a6b	1493070039420	13	2	squat	M63,182.85938c15.98084,-7.99042 52.26161,-0.81939 69,1c4.39085,0.47727 87.5902,7.5902 88,8c3.13169,3.13169 -2,50.64755 -2,59
6414-02aa0953-915c-4335-b0d5-324dc4347a6b	1493070060501	14	1	bluejay	M42,111.85938c12.85242,0 31.65715,6.11428 44,2c1.51643,-0.50548 2.91105,-3.91105 4,-5c8.99047,-8.99047 60.68614,-17.80718 75,-19c4.36416,-0.36368 46.5284,-2.4716 48,-1c0.49898,0.49898 0,4.21699 0,5c0,18.0857 -17.99023,32.03909 -12,56c1.47917,5.91668 4.95187,14.90374 8,21c4.87798,9.75595 80.2975,49 91,49
6414-02aa0953-915c-4335-b0d5-324dc4347a6b	1493070063313	14	2	bluejay	M45,113.85938c-0.66342,0 4.84691,12.84691 7,15c3.24772,3.24772 29,18.93141 29,22c0,62.60159 7.04449,106.89446 69,134c15.03576,6.57814 36.50418,16 53,16
6414-02aa0953-915c-4335-b0d5-324dc4347a6b	1493070065034	14	3	bluejay	M134,117.85938c-16.50772,0 -10.96751,21.01083 1,25c10.71613,3.57204 13.60238,-20 4,-20
6414-02aa0953-915c-4335-b0d5-324dc4347a6b	1493070066344	14	4	bluejay	M131,126.85938c10.96928,0 0,-5.84357 0,-1c0,1 0,2 0,3c0,1.60138 6.11335,4.77331 7,3c1.97731,-3.95462 -3.75003,-2.37502 -5,-3c-1.35546,-0.67773 2.82255,-2.82255 3,-3
6414-02aa0953-915c-4335-b0d5-324dc4347a6b	1493070106919	15	1	goldenretriever	M52,83.85938c17.34561,0 22.33763,-12.11254 37,-17c0.97697,-0.32566 5.81899,-2.18101 7,-1c2.6104,2.6104 11.11667,5.23334 13,9c10.14831,20.29662 23.54482,28.51494 46,36c29.08067,9.69356 67.01545,4.50773 94,18c4,2 11,-2 15,0c10.51711,5.25856 32.88852,4.22295 23,24c-4.28009,8.56018 -91.90823,-11.09177 -96,-7c-7.76592,7.76592 7.68608,24.68608 11,28c22.73778,22.73778 65.29381,14.11858 50,60c-1.42776,4.28328 2.31504,12.68496 -1,16c-2.0767,2.0767 -7.3199,-0.95969 -8,-3c-4.04154,-12.12461 -7,-24.89219 -7,-38c0,-0.41176 0.26471,-2.73529 0,-3c-10.77677,-10.77677 -35.22539,-16.22539 -47,-28c-1.05857,-1.05857 -2.10685,-2.94658 -4,-2c-0.53461,0.26731 0,6.28427 0,7c0,11.74892 39.88912,57.27772 21,62c-24.40443,6.10111 -37.6303,-73.6303 -45,-81c-2.89449,-2.89449 -15.8439,1.38537 -20,0c-3.05106,-1.01702 -22.05447,-2.94553 -23,-2c-3.15025,3.15025 -8.65609,67.32805 -22,74c-0.57046,0.28523 -6.59145,-4.77436 -7,-6c-2.67972,-8.03915 -9.33191,-18.00428 -6,-28c2.60396,-7.81189 7,-14.70246 7,-22c0,-0.11305 2,-6 2,-6c0,0 -1.66814,8.17035 -2,9c-2.97936,7.44839 -20.3032,46.3484 -27,43c-3.52879,-1.7644 -5.63741,-19.08778 -4,-24c2.24506,-6.73517 13.32854,-14.32854 18,-19c3.28156,-3.28156 17.09071,-54.90929 11,-61c-2.13938,-2.13938 -24.29275,-4.23575 -28,-3c-1.2191,0.40637 -13.50616,23.98769 -16,19c-7.70475,-15.40951 4.78656,-18.78656 12,-26c2.37033,-2.37033 -15.565,-9.13001 -17,-12c-5.68313,-11.36625 15.42948,-10.42948 20,-15
6414-02aa0953-915c-4335-b0d5-324dc4347a6b	1493070108936	15	2	goldenretriever	M67,90.85938c8.1293,8.1293 10.68659,-4 5,-4
6414-02aa0953-915c-4335-b0d5-324dc4347a6b	1493070110603	15	3	goldenretriever	M90,84.85938c-1.65839,0 -8.32654,27.66327 9,19c2.84341,-1.42171 4.33346,-5.00039 5,-7c1.29929,-3.89786 1,-7.80625 1,-12
6414-02aa0953-915c-4335-b0d5-324dc4347a6b	1493070138517	16	1	hatchback	M71,197.85938c0,-16.45303 13.92962,-96.61975 25,-104c9.05055,-6.0337 105.28874,4.14437 123,13c15.96579,7.98289 20.72609,62.45217 28,77c0.75485,1.50971 1.03296,16.96704 0,18c-0.4714,0.4714 -1.33333,0 -2,0c-10.08915,0 -32.24751,3.37624 -41,-1c-4.99379,-2.4969 6.14556,-49.28639 -11,-45c-11.79084,2.94771 -4.76648,35.76648 -12,43c-2.23835,2.23835 -17.26399,-2.088 -20,-3c-3.31224,-1.10408 -18.85793,2.28414 -20,0c-7.11344,-14.22687 5.1228,-30.8772 -8,-44c-15.31398,-15.31398 -14.8083,36.40415 -24,41c-3.3661,1.68305 -51.10835,6.55418 -32,-3
6414-02aa0953-915c-4335-b0d5-324dc4347a6b	1493070139932	16	2	hatchback	M100,184.85938c0,4.16921 4.26284,3.26284 6,5c7.58026,7.58026 1.14042,29.71489 20,25c14.67047,-3.66762 16,-17.02832 16,-30c0,-1.95893 -2.32207,-4 -1,-4
6414-02aa0953-915c-4335-b0d5-324dc4347a6b	1493070141234	16	3	hatchback	M183,197.85938c-10.5028,10.5028 16.00492,32.9754 21,8c0.91905,-4.59523 1,-9.13102 1,-14
6414-02aa0953-915c-4335-b0d5-324dc4347a6b	1493070144400	16	4	hatchback	M86,123.85938c7.25018,7.25018 8.77743,17.86646 19,24c26.70299,16.02179 84.11736,-3.72066 115,4c8.22949,2.05737 20.13507,6 27,6
6414-02aa0953-915c-4335-b0d5-324dc4347a6b	1493070146631	16	5	hatchback	M156,92.85938c23.41082,23.41082 36,16.92832 36,55
6414-02aa0953-915c-4335-b0d5-324dc4347a6b	1493070169257	17	1	cuckoo	M59,216.85938c11.16859,-11.16859 29.17432,-16.26148 39,-31c32.06908,-48.10362 14.89659,-99.70114 89,-75c7.76589,2.58863 34.71852,4.43705 39,13c8.99818,17.99635 -21.65102,14 -31,14c-0.40728,0 -3.87525,-0.2495 -4,0c-5.05152,10.10304 6.91536,47.16928 1,59c-4.08825,8.1765 -8.78022,28.43956 -4,38c1.23892,2.47784 13.05317,22.94683 11,25c-6.21594,6.21594 -15.96846,-8.87383 -17,-13c-5.12002,-20.48007 -16.55539,-31.11115 -41,-25c-25.58902,6.39726 -67.34827,14.67413 -90,26c-0.66805,0.33402 -5.21284,1.78716 -6,1c-20.53679,-20.53679 33,-32.51839 33,-44
6414-02aa0953-915c-4335-b0d5-324dc4347a6b	1493070169977	17	2	cuckoo	M56,231.85938c6.55196,0 53.07415,-33 64,-33
6414-02aa0953-915c-4335-b0d5-324dc4347a6b	1493070171418	17	3	cuckoo	M130,225.85938c6.09544,6.09544 -1.84545,34 12,34
6414-02aa0953-915c-4335-b0d5-324dc4347a6b	1493070171591	17	4	cuckoo	M142,259.85938
6414-02aa0953-915c-4335-b0d5-324dc4347a6b	1493070190473	18	1	robin	M28,207.85938c26.47584,0 73.84877,-19.41462 88,-43c8.72783,-14.54639 17.00482,-29.72117 27,-44c4.39933,-6.28476 19.41187,-45.10297 23,-46c15.62456,-3.90614 34.65471,0 50,0c1.52942,0 4.14258,-0.71485 5,1c4.81887,9.63774 13.22875,23.915 16,35c0.32109,1.28434 0.53443,6.26722 2,7c7.58947,3.79473 35.8637,-5.2726 40,3c1.9094,3.81879 -2.07629,6.83051 -5,8c-8.51602,3.40641 -50.97326,5.94652 -54,12c-3.61068,7.22135 8.0337,42.93259 0,59c-5.3441,10.68819 -18.44586,13.22293 -28,18c-35.0941,17.54705 -75.2991,18.42522 -113,9c-10.23172,-2.55793 -24.43833,3.78084 -34,-1c-8.0757,-4.03785 -18.89625,-9 -28,-9
6414-02aa0953-915c-4335-b0d5-324dc4347a6b	1493070191419	18	2	robin	M192,222.85938c0,30.42833 21.76718,43.12962 51,51c8.35628,2.24977 16.79025,4.26342 25,7c4.90918,1.63639 20.17472,4 15,4c-8.97903,0 -15.7624,-3.16022 -25,-4
6414-02aa0953-915c-4335-b0d5-324dc4347a6b	1493070192177	18	3	robin	M142,232.85938c0,-1.32014 13.07047,17.56343 18,22c19.03801,17.13421 36.68647,26 63,26
6414-02aa0953-915c-4335-b0d5-324dc4347a6b	1493070207007	19	1	beetle	M39,164.85938c26.65287,0 54.08328,-13.69994 71,-34c5.23051,-6.27661 9.53994,-18.26997 17,-22c17.09804,-8.54902 36.10754,-6.03585 54,-12c0.88273,-0.29424 3.22838,0 4,0c1,0 2,0 3,0c0.66667,0 1.33333,0 2,0c1,0 2,0 3,0c1.02434,0 47.19059,6.0953 49,7c0.59628,0.29814 1.5286,-0.4714 2,0c7.56996,7.56996 1.4745,24.94899 6,34c1.64482,3.28964 9.24287,32.75713 4,38c-1.43633,1.43633 -28.24556,1.37722 -31,0c-3.12371,-1.56186 -17.72462,-28.55075 -26,-12c-1.24314,2.48628 -2,5.93755 -2,9c0,21.30748 40.74325,-4 21,-4
6414-02aa0953-915c-4335-b0d5-324dc4347a6b	1493070208474	19	2	beetle	M197,171.85938c-15.54,0 -45.31564,3.89479 -60,-1c-0.45562,-0.15187 1,-2.46164 1,-3c0,-3.07318 -3.9865,-5.3973 -7,-6c-3.20241,-0.64048 -5.92996,-2.04669 -9,0c-9.52898,6.35265 2.53154,34.67116 12,11c0.94194,-2.35486 3,-4.55386 3,-7
6414-02aa0953-915c-4335-b0d5-324dc4347a6b	1493070209310	19	3	beetle	M127,167.85938c-4.64855,0 -77.73552,-2.26448 -81,1
6414-02aa0953-915c-4335-b0d5-324dc4347a6b	1493070249739	20	1	bloodhound	M32,148.85938c8.48482,0 27.57578,3.71211 35,0c8.37938,-4.18969 16.1514,-11.5757 25,-16c3.38983,-1.69491 8.99261,1.9963 11,3c7.83824,3.91912 38.89686,-12 47,-12c0.41176,0 2.73529,0.26471 3,0c3.87934,-3.87934 10.68297,-5.68297 15,-10c6.33306,-6.33306 10.926,-15.926 17,-22c6.39971,-6.39971 37.4281,-4.28595 44,-1c5.08478,2.54239 14.73553,7.47106 17,12c0.82626,1.65251 1.37064,9.18532 3,10c5.07515,2.53757 8.29628,-4.70372 13,0c6.63923,6.63923 -19.29017,10.29017 -20,11c-1.41389,1.41389 -3.22777,10.54446 -2,13c0.39075,0.78149 13.16126,1.83874 10,5c-9.99619,9.99619 -20.08204,-7.95898 -28,-4c-5.00296,2.50148 -1.31708,31.84146 -11,27c-8.1415,-4.07075 1.06309,-26.46845 -6,-30c-13.83329,-6.91665 -34.75769,22.51538 -39,31c-8.08205,16.1641 21.30333,63.69667 14,71c-11.46235,11.46235 -19.93507,-22.80521 -21,-26c-0.33333,-1 -0.71042,-1.98646 -1,-3c-0.37757,-1.32149 -0.56539,-2.69616 -1,-4c-0.2357,-0.70711 -0.72318,-1.30795 -1,-2c-0.39148,-0.9787 -0.82671,-1.96025 -1,-3c-0.77448,-4.64687 -1,-9.21786 -1,-14c0,-1.66667 1.66667,-5 0,-5c-2.55929,0 -1.64694,5.58774 -2,7c-5.24878,20.99512 -2,36.58615 -2,58c0,0.41176 0.26471,2.73529 0,3c-2.8698,2.8698 -8.32223,-3.16112 -10,-4c-14.17199,-7.08599 -10.10181,-62.55091 -13,-64c-3.54887,-1.77443 -7.93757,1.77503 -11,3c-23.07262,9.22905 -15.42845,39.71465 -9,59c0.3787,1.13609 0,2.78501 0,4c0,0.72724 2.44973,9.27513 1,10c-21.67404,10.83702 -16,-43.29358 -16,-53c0,-2.66667 2.66667,-8 0,-8c-14.48565,0 -11.0294,62.5147 -24,69c-12.88673,6.44336 -13.42457,-19.93857 -11,-26c4.77526,-11.93816 30.29758,-63.40485 25,-74c-0.21082,-0.42164 -0.78918,-0.57836 -1,-1c-0.85622,-1.71243 -1.90898,-1.90898 -3,-3c-0.52705,-0.52705 -0.47295,-1.47295 -1,-2c-7.02054,-7.02054 -49.73166,4.80503 -53,-5c-2.45217,-7.35651 9.53097,-6 14,-6
6414-02aa0953-915c-4335-b0d5-324dc4347a6b	1493070254197	20	2	bloodhound	M236,94.85938c-18.65217,0 4,9.53818 4,4
6414-02aa0953-915c-4335-b0d5-324dc4347a6b	1493070272061	20	3	bloodhound	M30,148.85938c2.63523,2.63523 13.63523,4.63523 11,2c-0.76115,-0.76115 -15.06684,-4.93316 -15,-5c1.00569,-1.00569 12.46584,2 15,2c0.33333,0 1.21339,-0.25607 1,0c-2.13395,2.56074 -4.66667,6 -8,6c-2,0 -8,0 -6,0c10.66667,0 21.33333,0 32,0c5,0 10,0 15,0c0.33333,0 1.33333,0 1,0c-4.66667,0 -9.33333,0 -14,0c-2.33333,0 -9.33333,0 -7,0c4.25728,0 40.88575,1.11425 43,-1c1.43372,-1.43372 -3.97241,-1 -6,-1c-4.66667,0 -9.33333,0 -14,0c-3.33333,0 -13.33333,0 -10,0c6.37074,0 40.0459,-7.72084 35,-7c-10.45214,1.49316 -20.32021,2 -31,2c-2,0 4.05122,0.44972 6,0c3.0813,-0.71107 5.89189,-2.41723 9,-3c11.03851,-2.06972 23.66414,-3.96947 35,-5c2.01926,-0.18357 6,1.02759 6,-1c0,-0.24491 -24.67799,2 -28,2c-0.33333,0 0.68377,0.10541 1,0c9.47707,-3.15902 17.32094,-7 28,-7c0.33333,0 -0.67314,-0.06537 -1,0c-8.90932,1.78186 -16.94731,3.99415 -26,5c-4.09789,0.45532 -15.68782,1.15609 -12,3c17.01649,8.50824 44.93851,-8 63,-8c0.33333,0 -0.67314,-0.06537 -1,0c-9.42385,1.88477 -17.69297,7.46172 -27,10c-1.08857,0.29688 -10,-1.34995 -10,1c0,4.71405 9.41127,-0.9203 14,-2c12.60991,-2.96704 27.05994,-4 40,-4c2.68742,0 8,-1 8,-1c0,0 -4.7043,-0.4174 -7,0c-6.07859,1.1052 -29.63018,0.63018 -34,5c-1.94365,1.94365 5.37281,-1.19164 8,-2c7.12233,-2.19149 13.91471,-3.63824 21,-6c2.70185,-0.90062 10.848,-3 8,-3c-3.68696,0 -7.47044,3 -11,3c-5.21749,0 18.94975,-8.64992 14,-7c-4.02863,1.34288 -26.38187,8.61813 -29,6c-0.35013,-0.35013 8.64211,-4.40351 6,0c-0.96683,1.61139 -12,7 -12,7c0,0 31.59227,-9.70387 33,-9c3.33333,1.66667 -6.38449,4.09612 -10,5c-5.32676,1.33169 -10.28331,4 -16,4c-1,0 -3,0 -3,0c0,0 16.22261,-5.61131 17,-6c1.81353,-0.90676 6,-3.02759 6,-1c0,0.58807 -5.73045,2.15363 -7,3c-0.62017,0.41345 -2.52705,1.52705 -2,1c4.3916,-4.3916 9.44923,-5.77969 15,-8c0.01261,-0.00505 23,-9 23,-9c0,0 -25.55871,8.11742 -25,7c1.29124,-2.58247 13.09357,-7 8,-7c-3.42193,0 -6.6472,-0.2192 -10,1c-9.16859,3.33403 -18.92959,7.08451 -29,8c-1.99179,0.18107 -6,2 -6,0c0,-1.97396 17,-8 17,-8c0,0 -12.45553,7.81851 -4,5c2.60768,-0.86923 6.05635,-0.05635 8,-2c2.33927,-2.33927 -8.02402,1.51201 -5,0c2.92487,-1.46243 7.22939,-3 2,-3c-4.21811,0 6.31031,-0.93092 6,0c-2.3335,7.00049 -13.00599,5.00599 -17,9c-0.2357,0.2357 -0.33333,1 0,1c0.60835,0 18,-6 18,-6c0,0 -7.06414,1.37609 -8,2c-3.41323,2.27549 8,-5.2143 8,-6c0,-3.11006 -9.28147,5.56293 -6,-1c0.19263,-0.38525 4.55225,0 5,0c10.42147,0 18.59805,-10.06536 26,-15c5.80337,-3.86891 -5.59624,6.19718 0,2c1.92296,-1.44222 6,-1.5963 6,-4c0,-1.37437 -3.02817,0.02817 -4,1c-1.37437,1.37437 -5,1.05635 -5,3c0,2.06012 6.15426,-3.07713 6,-3c-6.53165,3.26582 -24,20 -24,20c0,0 -24.90254,9.95127 -27,11c-1.60555,0.80277 3.56396,-0.92297 5,-2c2.92142,-2.19107 6.65886,-3.56808 10,-5c1.93773,-0.83045 6.94281,-3.88562 6,-2c-6.19996,12.39992 -18.69032,2 -2,2
6414-02aa0953-915c-4335-b0d5-324dc4347a6b	1493070304585	21	1	bluesport	M13,160.85938c17.40489,0 60.37432,5.20856 76,0c5.45753,-1.81918 -2.65565,-24.34435 1,-28c8.17719,-8.17719 74.2475,2.2475 81,9c6.67626,6.67626 7.15463,11.30925 11,19c1.28505,2.5701 3.51589,3 6,3c2,0 4,0 6,0c1.66667,0 3.33333,0 5,0c5.96314,0 51.9861,4.9861 56,9c1.9433,1.9433 -1,10.9272 -1,13c0,1.75227 1.11515,9.88485 0,11c-3.25865,3.25865 -62.08651,-5.45674 -71,-1c-5.47914,2.73957 1.83812,13.72063 -5,16c-2.37022,0.79007 -6.47098,0 -9,0c-19.83298,0 -1.78466,-10.78466 -10,-19c-0.26471,-0.26471 -2.58824,0 -3,0c-12.52366,0 -25.69496,2 -39,2c-2.89456,0 -28.04535,-1.90931 -29,0c-0.96387,1.92774 1.45537,7.54463 0,9c-4.7605,4.7605 -12.6728,6 -20,6c-0.35074,0 -4.61743,0.38257 -5,0c-3.82124,-3.82124 2.27071,-15.72929 -1,-19c-7.16667,-7.16667 -35.83333,7.16667 -43,0c-1.92401,-1.92401 0,-17.33069 0,-20c0,-4.19966 -0.69681,-10.30319 2,-13
6414-02aa0953-915c-4335-b0d5-324dc4347a6b	1493070306335	21	2	bluesport	M85,160.85938c21.94715,0 43.11321,4 65,4c11.33333,0 22.66667,0 34,0c0.4714,0 1,0.5286 1,1
6414-02aa0953-915c-4335-b0d5-324dc4347a6b	1493070309184	21	3	bluesport	M93,163.85938c-2.07428,0 -1,5.99491 -1,8c0,8.65612 14.57314,10.85771 21,13c19.54818,6.51606 34.93979,0.06021 49,-14
6414-02aa0953-915c-4335-b0d5-324dc4347a6b	1493070311803	21	4	bluesport	M174,194.85938c2.70369,0 4,-2.46196 4,-5c0,-7.6186 -22.98053,2.03894 -17,14c4.0646,8.12919 33.09203,-4.45398 14,-14c-13.36745,-6.68373 -30.6657,14.66715 -16,22c23.36085,11.68042 47.28065,-22 14,-22
6414-02aa0953-915c-4335-b0d5-324dc4347a6b	1493070313960	21	5	bluesport	M88,190.85938c-7.96743,0 -35.72749,-4.45498 -28,11c4.24271,8.48542 19.83518,-7.58241 15,-10c-9.4936,-4.7468 -19.88227,9.05887 -12,13c7.23602,3.61801 22.41945,-8.58055 16,-15c-7.55194,-7.55194 -16.08611,4.28472 -13,12c5.6707,14.17675 27.95659,-7.52171 21,-11c-14.26583,-7.13292 -32.38821,19 -14,19c3.83791,0 5.89357,-3.68071 7,-7
6414-02aa0953-915c-4335-b0d5-324dc4347a6b	1493070336264	22	1	leather	M37,116.85938c0,12.00108 -4.9686,110.0314 3,118
6414-02aa0953-915c-4335-b0d5-324dc4347a6b	1493070338192	22	2	leather	M45,118.85938c24.25224,0 48.61055,-3.52434 73,-2c22.1822,1.38639 46.37233,5.67447 68,10c17.32905,3.46581 38.21632,0 56,0
6414-02aa0953-915c-4335-b0d5-324dc4347a6b	1493070340818	22	3	leather	M243,126.85938c1.85693,0 1,31.20481 1,35c0,15.65151 -17.28193,78.71807 -3,93
6414-02aa0953-915c-4335-b0d5-324dc4347a6b	1493070343238	22	4	leather	M42,79.85938c0,3.96101 40.24347,42.48695 46,54c7.52295,15.0459 12.18605,33.55815 17,48c0.94037,2.82111 -1.29463,9.35269 2,11c4.92631,2.46316 31.66427,-2 39,-2c28.33333,0 56.66667,0 85,0c1.87038,0 7,-0.0844 7,-2
6414-02aa0953-915c-4335-b0d5-324dc4347a6b	1493070363161	23	1	straight	M76,66.85938c0,-1.66667 0,3.33333 0,5c0,6.33333 0,12.66667 0,19c0,17.66667 0,35.33333 0,53c0,47.23474 3,94.00816 3,141
6414-02aa0953-915c-4335-b0d5-324dc4347a6b	1493070364247	23	2	straight	M87,174.85938c36.6499,0 72.76157,4.50933 109,10c0.68354,0.10357 27.33345,2.00071 28,6c1.67484,10.04907 -5.58557,134.34227 4,96
6414-02aa0953-915c-4335-b0d5-324dc4347a6b	1493070380445	24	1	white	M52,140.85938c14,0 28,0 42,0c0.40728,0 3.87525,0.2495 4,0c3.55861,-7.11723 -2.61025,-19.38975 4,-26c7.45136,-7.45136 10.54,-9.92333 23,-12c11.87044,-1.97841 53.41805,12.25415 55,17c1.17879,3.53638 0.25939,22.25939 3,25c3.37658,3.37658 50.28028,-3.07958 53,1c3.84437,5.76656 3,22.2262 3,30c0,1.33333 1.26491,3.57836 0,4c-6.36615,2.12205 -68.53837,2.73081 -74,0c-2.10819,-1.05409 2.66667,-5.33333 1,-7c-2.14984,-2.14984 -24.16733,-2.49801 -25,0c-0.76536,2.29607 0.11264,6.22528 1,8c8.09631,16.19262 20.15376,-13 17,-13c-2.26282,0 -13.44297,-1.55703 -15,0c-5.99497,5.99497 20.8092,5 3,5
6414-02aa0953-915c-4335-b0d5-324dc4347a6b	1493070381908	24	2	white	M138,171.85938c-12.93152,0 -26.47233,1 -39,1c-0.37804,0 -5,1 -5,1c0,0 13.08374,-7.30542 5,-10c-4.12575,-1.37525 -18.96382,-1.07235 -21,3c-3.30509,6.61019 7.96523,13.06954 10,9c2.08122,-4.16243 -1.58302,-18.41698 -8,-12c-9.38839,9.38839 30.05394,0 12,0
6414-02aa0953-915c-4335-b0d5-324dc4347a6b	1493070383048	24	3	white	M83,165.85938c0,1.98197 -22.06887,1 -24,1c-3.45333,0 -24.25609,2.74391 -27,0c-0.04244,-0.04244 2.91026,-7.37181 3,-8c0.33579,-2.35054 1.68581,-20.2286 4,-21c6.83237,-2.27746 17.817,0 25,0
6414-02aa0953-915c-4335-b0d5-324dc4347a6b	1493070384383	24	4	white	M83,136.85938c26.6843,0 55.30096,-5.1307 83,-3c11.42007,0.87847 22.64319,4 34,4
6414-02aa0953-915c-4335-b0d5-324dc4347a6b	1493070385031	24	5	white	M140,102.85938c-1.55472,9.32831 -2,17.54708 -2,27c0,3.21935 0,13.19448 0,13
6414-02aa0953-915c-4335-b0d5-324dc4347a6b	1493070401321	25	1	nightingale	M69,200.85938c24.01084,-12.00542 24.16109,-86 87,-86c4.86907,0 22.42396,-2.57604 26,1c4.68144,4.68144 8.83252,9.66504 12,16c1.39545,2.7909 -2.11612,10.88388 0,13c4.2473,4.2473 43.55956,-4.44044 51,3c2.72972,2.72972 -5.43982,4.87552 -6,5c-19.10244,4.24499 -39.35426,4 -59,4c-1.37212,0 -3.23751,-0.52498 -4,1c-9.17891,18.35782 24.58385,69.90269 -30,79c-51.83322,8.63887 -36.43989,-37.71994 -53,-46c-3.70034,-1.85017 -7.32104,2 -10,2
6414-02aa0953-915c-4335-b0d5-324dc4347a6b	1493070402974	25	2	nightingale	M136,229.85938c-4.41243,0 -22.86174,35 9,35c6.24718,0 8,0.37996 8,-6
6414-02aa0953-915c-4335-b0d5-324dc4347a6b	1493070403518	25	3	nightingale	M153,237.85938c10.28168,15.99373 23.53164,31.60218 38,13
6414-02aa0953-915c-4335-b0d5-324dc4347a6b	1493070421375	26	1	weimaraner	M94,148.85938c0,7.7373 -34.72449,8.13775 -41,5c-10.31242,-5.15621 -11.13337,-25.86663 -4,-33c3.2978,-3.2978 9.62856,-6.54285 14,-8c8.89182,-2.96394 41.60942,-5.78115 47,5c1.59798,3.19595 0.22253,8.22253 3,11c5.35835,5.35835 60.56877,11.01618 69,13c2.61598,0.61552 5.3163,0.85875 8,1c26.59611,1.3998 55.36374,18 80,18c2.26845,0 4.63148,0.73704 3,4c-4.02654,8.05308 -67.74836,-2.25164 -73,3c-6.17984,6.17984 17.85005,101.53749 -4,107c-4.12232,1.03058 -5.62356,-0.85918 -6,-5c-1.76247,-19.38713 -10.26279,-67.47443 -1,-86c0.76012,-1.52023 -0.36876,3.42189 -1,5c-1.92554,4.81384 -3.02551,9.64032 -4,15c-2.07551,11.41532 0.90462,35.09538 -8,44c-13.35807,13.35807 -37.8625,-20.18333 -26,-36c1.78885,-2.38514 2.66667,-10.66667 4,-8c0.44721,0.89443 0.19612,2.01942 0,3c-0.14618,0.73088 -0.53438,1.41797 -1,2c-13.69457,17.11821 -20.46437,41.92874 -29,59c-0.4267,0.8534 -6.46764,2.79853 -7,2c-4.67954,-7.01932 0.69495,-66 8,-66c0.37391,0 -2.99339,12.97025 -3,13c-0.92658,4.16961 -3.63986,22.81993 -8,25c-0.80703,0.40352 -2.5183,2.24085 -3,2c-5.46305,-2.73153 -7.22025,-14.25399 -9,-19c-12.52799,-33.40798 2.63554,-31.27108 14,-54c6.91607,-13.83213 -17,-16.47714 -17,-16
6414-02aa0953-915c-4335-b0d5-324dc4347a6b	1493070444778	27	1	sparrow	M127,117.85938c0,-3.4377 -3.34546,-14.30907 -1,-19c11.23906,-22.47811 35.1055,-30.8945 54,-12c2.68309,2.68309 1.41789,14.29105 -2,16c-6.67256,3.33628 -17.13177,-7.86823 -19,-6c-6.97613,6.97613 9.63215,21.73571 8,25c-4.83686,9.67372 -37.33673,-3.33673 -42,-8
6414-02aa0953-915c-4335-b0d5-324dc4347a6b	1493070447967	27	2	sparrow	M125,113.85938c-3.22893,0 -2,6.61918 -2,9c0,1.66667 2.25464,2.50929 3,4c1.69737,3.39473 39.89707,12.10293 42,10c3.28953,-3.28953 -3.9853,-9.9706 -5,-12
6414-02aa0953-915c-4335-b0d5-324dc4347a6b	1493070452285	27	3	sparrow	M180,89.85938c-4.04102,-4.04102 -8.45132,8.54868 -6,11c1.67022,1.67022 4.67928,-7.03785 5,-8c0.4714,-1.41421 3.05409,-5.05409 2,-4c-2.69295,2.69295 -0.9385,6.9385 -3,9c-0.92138,0.92138 -0.48356,-3 -1,-3
6414-02aa0953-915c-4335-b0d5-324dc4347a6b	1493070455412	27	4	sparrow	M156,100.85938c-10.37638,0 1.33523,27.66477 7,22c1.5354,-1.5354 -1.61189,-17.38811 -3,-16c-0.48373,0.48373 0,11 0,11c0,0 3.67856,-14 -1,-14c-1.31479,0 -2,3.04598 -2,4c0,0.33333 -0.85093,0.29814 -1,0c-2.27634,-4.55267 -1,5 -1,5c0,0 0,-5.76092 0,-6c0,-2.24721 -1,-4.21565 -1,-1
6414-02aa0953-915c-4335-b0d5-324dc4347a6b	1493070467790	27	5	sparrow	M123,117.85938c0,-3.33563 -2.5224,0.2836 -3,1c-4.82682,7.24023 -13.35732,29.35732 -18,34c-4.73819,4.73819 -35.03982,107.96018 -27,116c1.68819,1.68819 6.75303,0.75303 8,2c18.80414,18.80414 37.92153,-36.96076 50,-43c5.25354,-2.62677 12.47556,-3.73778 17,-6c0.8469,-0.42345 2.03133,-4 4,-4c1.37437,0 1,2.62563 1,4c0,8.43874 9.60129,23.69935 21,18c15.9612,-7.9806 -7.68783,1.31217 -7,2c1.61153,1.61153 22,-6.6866 22,-8c0,-0.00175 -21.59915,7.40085 -24,5c-4.80939,-4.80939 11.32293,-12 13,-12
6414-02aa0953-915c-4335-b0d5-324dc4347a6b	1493070470446	27	6	sparrow	M154,215.85938c27.24202,0 24,-58.08861 24,-78
6414-02aa0953-915c-4335-b0d5-324dc4347a6b	1493070476015	27	7	sparrow	M168,131.85938c7.25406,7.25406 6,16.1228 6,27
6414-02aa0953-915c-4335-b0d5-324dc4347a6b	1493070479784	27	8	sparrow	M176,178.85938c-13.62255,0 -32.18843,-7.27052 -45,-3c-3.56903,1.18968 0.20722,11.41443 1,13c5.59757,11.19515 26.53038,7 39,7
6414-02aa0953-915c-4335-b0d5-324dc4347a6b	1493070483783	27	9	sparrow	M132,184.85938c0,0.33333 0.14907,0.70186 0,1c-0.42164,0.84327 -1.15673,1.57836 -2,2c-8.23167,4.11583 -24.27956,34.83868 -27,43c-1.8626,5.5878 2.93261,6.79784 4,10c0.47281,1.41842 4.70227,10 7,10
6414-02aa0953-915c-4335-b0d5-324dc4347a6b	1493070500377	28	1	sling	M63,59.85938c0,35 0,70 0,105c0,4.78954 -2.60749,31.19626 1,33c9.50529,4.75265 75.36861,0 96,0c2.85914,0 52.7069,6.56897 48,5
6414-02aa0953-915c-4335-b0d5-324dc4347a6b	1493070502560	28	2	sling	M66,62.85938c3.83502,-3.83502 57.80877,-1 66,-1c26.09001,0 67.70054,-6.64973 91,5c4.46064,2.23032 -1,32.7798 -1,37c0,32.91581 -8,64.50255 -8,96
6414-02aa0953-915c-4335-b0d5-324dc4347a6b	1493070504285	28	3	sling	M93,199.85938c0,22.89516 -4.16827,44.34615 -7,67c-0.83264,6.66112 0.00619,36.01238 -2,32
6414-02aa0953-915c-4335-b0d5-324dc4347a6b	1493070505475	28	4	sling	M210,202.85938c1.30569,0 -2.67759,19.09833 -3,22c-1.998,17.98203 -2,38.20569 -2,56
6414-02aa0953-915c-4335-b0d5-324dc4347a6b	1493070508197	28	5	sling	M60,146.85938c37.53107,0 76.36793,11.72765 114,15c12.27623,1.0675 24.68142,2 37,2c1.58389,0 24.90206,4.90206 21,1
6414-02aa0953-915c-4335-b0d5-324dc4347a6b	1493070511267	28	6	sling	M91,67.85938c0,44 0,88 0,132
6414-02aa0953-915c-4335-b0d5-324dc4347a6b	1493070514573	28	7	sling	M97,81.85938c41.3995,0 81.62135,12 123,12
6414-02aa0953-915c-4335-b0d5-324dc4347a6b	1493070520114	28	8	sling	M74,71.85938c0,-1.96077 0,6.42079 0,8c0,7 0,14 0,21c0,22.66667 0,45.33333 0,68c0,5.66667 0,11.33333 0,17c0,3 0,12 0,9c0,-25.7452 4.32683,-57.9756 11,-83c0.04577,-0.17163 6,-24 6,-24c0,0 0,4.66667 0,7c0,18.45841 -5.7542,36.03362 -8,54c-0.41345,3.30759 0,10 0,10c0,0 0,-4.66667 0,-7c0,-17.72031 3.14629,-34.38978 5,-52c0.53379,-5.071 2,-10 3,-15c0.4576,-2.28802 0,-9.33333 0,-7c0,22.33333 0,44.66667 0,67c0,8.66667 0,17.33333 0,26c0,2.33333 0,4.66667 0,7c0,1.33333 0,5.33333 0,4c0,-9.82152 -3.11273,-18.24008 -4,-28c-0.27328,-3.00607 -0.40803,-6.04015 -1,-9c-0.32686,-1.6343 0,-6.66667 0,-5c0,9.83346 -1.50373,19.27424 -3,29c-0.45898,2.98336 -1,5.98154 -1,9c0,1.69967 -1,6.69967 -1,5c0,-10.33333 0,-20.66667 0,-31c0,-2 0,-6 0,-6c0,0 -3,23.65995 -3,28c0,0.33333 -0.2357,1.2357 0,1c3.32403,-3.32403 2.45218,-13.35654 4,-18c0.90062,-2.70185 2.44146,-10.79269 3,-8c1.04733,5.23666 -4.05427,29.94573 0,34c3.56682,3.56682 3.59513,-19.78539 2,-15c-3.21519,9.64557 -5.85517,19.56552 -9,29c-0.10541,0.31623 0,1.33333 0,1c0,-21.95936 -6,-44.23906 -6,-67c0,-9.02665 -0.76568,-18.17158 1,-27c0.06537,-0.32686 0,-1.33333 0,-1c0,4.48193 -11.76702,58.76702 -13,60c-2.12132,2.12132 -0.52136,-6.04565 0,-9c1.20958,-6.85429 4.37568,-13.23199 6,-20c3.56069,-14.83619 8.03048,-30.1524 11,-45c0.72206,-3.61029 0.54333,-7.34664 1,-11c0.25149,-2.01193 0.09324,-7.81353 1,-6c6.9178,13.8356 -3,44.9113 -3,60c0,10.66667 0,21.33333 0,32c0,0.33333 0,1.33333 0,1c0,-24.25559 6.99381,-47.85156 8,-72c0.13877,-3.33044 -0.1752,-6.67127 0,-10c0.11098,-2.10859 1.25136,-12.00542 2,-15c0.33333,-1.33333 1,-5.37437 1,-4c0,2.33333 0.22122,4.67718 0,7c-2.64204,27.74146 -8.48493,55.33426 -11,83c-0.27161,2.98768 0,9 0,9c0,0 1.44717,-7.31445 2,-11c2.48984,-16.59892 4.00365,-33.36372 6,-50c0.89321,-7.44345 2.16908,-15.6763 4,-23c0.49176,-1.96705 1,-8.02759 1,-6c0,32.22933 -6,63.71039 -6,96c0,13.63497 -1.08855,5.35421 1,-3
6414-02aa0953-915c-4335-b0d5-324dc4347a6b	1493070534373	29	1	waiting	M55,99.85938c0,39.03317 -4,74.58249 -4,113c0,11.95006 1,26.60078 1,37c0,4.69766 2,20.00268 2,17
6414-02aa0953-915c-4335-b0d5-324dc4347a6b	1493070537369	29	2	waiting	M54,181.85938c0,3.19297 25.04691,-1 28,-1c19.06251,0 69.57643,-14.21178 88,-5c1.93121,0.9656 1,5.21217 1,7c0,27.2614 -2,53.97794 -2,81
6414-02aa0953-915c-4335-b0d5-324dc4347a6b	1493070543723	29	3	waiting	M196,262.85938c0,-21.6707 -0.82288,-85.70848 4,-105c1.97379,-7.89517 8.14557,-59.70885 5,-66c-10.12423,-20.24847 -20.9853,22.99265 -25,25c-4.63108,2.31554 -18.85601,-5.28797 -21,-1c-5.59263,11.18527 -1,55.58146 -1,70
6414-02aa0953-915c-4335-b0d5-324dc4347a6b	1493070546379	29	4	waiting	M56,97.85938c0,-6.89592 15.34479,-3.65521 18,-1
6414-02aa0953-915c-4335-b0d5-324dc4347a6b	1493070549815	29	5	waiting	M69,178.85938c0,-18.43274 15.16314,-101.08157 31,-109c41.01802,-20.50901 59,30.79782 59,61
6414-02aa0953-915c-4335-b0d5-324dc4347a6b	1493070570097	30	1	crow	M81,87.85938c0,-21.95832 57.51614,-8.82795 69,-5c6.4333,2.14443 6.84223,19.84223 12,25c16.87091,16.87091 39.46537,27.46537 55,43c2.61085,2.61085 2.35738,10.67869 7,13c3.89459,1.9473 9.48736,4.46209 11,9c5.19215,15.57644 -32.15955,1.92023 -36,0c-3.69925,-1.84963 -23.41366,-19.58634 -26,-17c-3.74842,3.74842 7.9726,19.89039 9,24c5.89188,23.56752 11.9159,36.0841 -5,53c-2.37643,2.37643 -3.55672,7.27836 -7,9c-5.16068,2.58034 -3,-29.62172 -3,-36c0,-3.33333 0,-6.66667 0,-10c0,-1.33333 0,-5.33333 0,-4c0,20.54787 -26.91311,77.78197 -33,23c-3.37115,-30.34034 11.94141,-23.82424 18,-42c0.79872,-2.39615 -0.38502,-5.38502 -2,-7c-16.18596,-16.18596 -11.98696,-37.98044 -24,-56c-2.30089,-3.45134 -5.81689,-2.87793 -9,-5c-18.19373,-12.12915 -25.30114,12.30114 -36,23c-2.79303,2.79303 -9.42029,5.21015 -13,7c-0.33877,0.16938 -4.76272,3.47456 -5,3c-2.78798,-5.57597 20.18888,-47.37776 24,-55
6414-02aa0953-915c-4335-b0d5-324dc4347a6b	1493070591884	31	1	doberman	M23,124.85938c0,-3.32105 1.26548,-3 4,-3c23.96192,0 53.28889,4.85556 73,-5c8.23862,-4.11931 16.76295,-11.1753 24,-16c17.07019,-11.38013 69.34301,-16 92,-16c17.74982,0 31.96034,8 47,8c1.95486,0 4,3 4,3c0,0 -0.87783,-22.87783 -3,-25c-0.76572,-0.76572 -10.64157,-8.35843 -10,-9c0.2357,-0.2357 0.66667,0 1,0c2.86538,0 10.57581,1.15162 12,4c3.78645,7.57289 -0.73325,19.53351 3,27c2.42531,4.85063 9.00881,7.01761 12,13c2.68232,5.36464 1,17.7125 1,24c0,0.33333 0.2357,0.7643 0,1c-12.8799,12.8799 -26.42381,-9.2119 -36,-14c-0.9047,-0.45235 -2.84694,-3.15306 -4,-2c-2.69625,2.69625 -5.12321,9.12321 -9,13c-2.87798,2.87798 -7.91996,5.83992 -10,10c-10.38297,20.76595 -8.34462,45.62153 -3,67c0.72809,2.91237 6.59649,24.40351 6,25c-1.76029,1.76029 -4.52829,-5.21382 -5,-6c-9.04969,-15.08282 -13.08302,-32.86039 -20,-49c-0.52374,-1.22205 -4.81615,-12.18385 -5,-12c-4.71656,4.71656 8,61.81139 8,74c0,1.39819 0.82434,9.58783 0,10c-3.23251,1.61626 -5.25786,-4.51572 -6,-6c-4.41196,-8.82392 -21.16797,-67.58399 -24,-69c-1.24608,-0.62304 -85.5923,-3 -93,-3c-1.98147,0 -4.38959,-2.61041 -7,0c-13.50833,13.50833 -11.66894,40.72412 -30,56c-10.15419,8.46183 -23.62497,8 -36,8c-0.70848,0 -4.57429,0.70284 -5,-1c-2.41102,-9.64407 16.29823,-28.87278 22,-36c1.13349,-1.41687 12.25756,-19.74244 14,-18c1.37437,1.37437 -2.13077,3.26155 -3,5c-3.93448,7.86896 -24.64005,28.43979 -29,11c-8.1507,-32.60281 21.11697,-42.3509 29,-66c2.03845,-6.11536 -4,-10.9505 -4,-14
6414-02aa0953-915c-4335-b0d5-324dc4347a6b	1493070612110	32	1	bullmastiff	M57,110.85938c0,2.97251 -20.59386,12.40614 -14,19c1.72105,1.72105 11.2109,-0.60545 12,-1c1.81353,-0.90676 8.02759,-1 6,-1c-6.05105,0 -17.52688,10.94624 -14,18c3.9153,7.83059 30.73672,-6.63164 38,-3c5.13259,2.5663 18.77268,21.31805 21,28c8.16942,24.50826 -11.41738,45.41738 -27,61c-1.06824,1.06824 -4.73491,6.26509 -3,8c1.47897,1.47897 5.39677,-1.6553 6,-2c16.15793,-9.2331 26.17111,-26.11407 41,-36c0.33756,-0.22504 3.58935,-2.41065 4,-2c0.97183,0.97183 -0.38536,2.77073 -1,4c-3.02853,6.05706 -36.71153,40.28847 -27,50c1.79333,1.79333 9.62084,-4.68403 10,-5c16.04724,-13.3727 23.37495,-19.7499 33,-39c0.24057,-0.48115 1.42847,-2.80949 2,-3c3.71255,-1.23752 72.0283,-0.99057 81,2c10.99071,3.66357 -3.48312,49.75844 11,57c0.29814,0.14907 0.85093,0.29814 1,0c7.79457,-15.58913 6.84516,-40.7613 9,-58c0.37439,-2.99515 1,-9 1,-9c0,0 0,4.66667 0,7c0,13.84872 2.18245,23.90993 9,33c1.62912,2.17216 4.54649,5.45351 7,3c12.49048,-12.49048 -0.27564,-74.55129 -7,-88c-13.56226,-27.12452 36.89678,3.69033 30,-17c-2.70079,-8.10238 -45.02303,-8 -55,-8c-3.57096,0 -3.79946,-5.34959 -6,-7c-8.17866,-6.134 -20.30911,-9.06182 -30,-11c-33.27716,-6.65543 -67.39766,-6 -102,-6c-9.9148,0 -38.52303,-4.47697 -45,2
